Lab 02 (820171),Lab 03 (820172),Lab 04 (820173),Lab 05 (820174),Lab 06 (820175),Lab 07 (820176),Lab 08 (820177),Lab 09 (820178),Lab 10 (820179),Lab 11 (820180),Lab 12 (820181),Lab 13 (820182),Lab 14 (820183),Lab 15 (820184),Lab 16 (820185),Lab 17 (820186),Homework 1 (820163),Homework 2 (820164),Homework 3 (820165),Homework 4 (820211),Homework 5 (820166),Homework 6 (820167),Project 1 (820193),Project 2A (820194),Project 2B (820195),Project 3 (820196),Extra Credit (838909),Midterm 1 (820191),Midterm 2 (820192),Extra Credit Current Score,Extra Credit Unposted Current Score,Extra Credit Final Score,Extra Credit Unposted Final Score,Final Score,Final Grade
20,20,20,20,20,20,20,20,20,20,20,20,20,20,20,20,50,50,50,50,50,50,100,50,50,100,0,40,40,(read only),(read only),(read only),(read only),(read only),(read only)
20,15,20,17.31,20,20,20,20,20,20,20,20,20,20,20,20,50,50,50,50,50,50,100,50,50,100,,40,44,,,0,0,92.13,A-
20,20,20,20,20,20,20,20,20,20,20,20,20,20,20,20,50,50,50,50,50,50,100,50,50,100,,37,45,,,0,0,98.25,A
20,0,20,14.35,0,0,0,0,0,0,0,0,20,20,8,20,0,50,0,0,50,0,0,0,0,0,,15,0,,,0,0,14.06,E
20,10,20,20,20,20,20,20,20,20,20,20,20,20,20,20,50,50,50,50,50,50,100,50,50,100,,36.5,34,,,0,0,93.94,A
10,0,20,20,20,20,20,20,20,20,20,20,20,20,20,20,0,50,41,50,0,20,20,50,42.5,100,,30,45,100,100,100,100,83.34,B
20,20,20,20,20,20,20,20,20,20,20,20,20,20,20,20,50,50,50,50,50,50,100,50,50,100,,40,45,100,100,100,100,105.31,A
20,0,0,0,0,0,20,0,20,0,0,0,0,20,20,20,50,50,50,0,50,50,100,50,50,100,,37,45,,,0,0,92.21,A-
20,20,20,20,20,20,20,20,20,20,10,20,20,20,20,20,50,50,50,50,50,50,100,50,50,100,,36,45,,,0,0,94.28,A
0,20,20,20,20,20,20,20,20,20,20,20,20,20,20,20,50,50,50,50,50,50,100,50,50,100,,32,44,100,100,100,100,99.75,A
20,20,20,20,20,20,20,20,20,20,20,20,20,20,20,20,50,50,50,50,50,50,100,50,50,100,,37,41,,,0,0,93,A
20,20,20,19.89,20,20,20,20,20,20,20,20,20,20,20,20,50,50,50,50,50,50,100,50,50,100,,40,45,,,0,0,100.63,A
20,20,20,20,0,20,20,20,20,20,20,20,20,20,20,20,50,50,50,50,50,50,100,50,50,100,10,34.5,42,,,0,0,94,A
20,20,20,20,20,20,20,20,20,20,20,20,20,20,20,20,50,50,50,50,50,50,100,50,50,100,,35,45,,,0,0,96.88,A
20,20,20,20,20,20,20,20,20,20,20,20,20,20,20,20,50,50,50,50,50,50,100,50,50,100,,38,44,,,0,0,98.88,A
20,20,20,20,20,20,20,20,20,20,20,20,20,20,20,20,50,50,50,50,50,50,100,50,50,100,,39,45,,,0,0,99.63,A
20,20,20,20,20,20,20,20,20,20,20,20,20,20,20,20,50,50,50,50,50,50,100,50,50,100,,39,44,,,0,0,99.88,A
20,15,20,20,20,20,20,20,20,20,20,20,20,0,20,20,50,50,50,50,50,0,100,50,50,0,,35,38,,,0,0,84.88,B
20,20,20,20,20,20,20,20,20,20,20,20,20,20,20,20,50,50,50,50,50,50,100,50,50,100,,34.5,43,,,0,0,94.38,A
20,20,15,20,20,20,20,20,20,0,20,20,20,20,20,20,50,50,50,50,50,50,100,50,50,100,,35,39,,,0,0,88.38,B+
20,20,20,20,20,20,20,20,20,20,20,20,20,20,20,20,50,50,50,50,50,50,100,50,50,100,,35,30.94,,,0,0,88.17,B+
20,20,20,20,20,20,20,20,20,20,20,20,20,20,20,20,50,50,50,50,50,50,100,50,50,99.98,,27,36,,,0,0,88.15,B+
20,20,20,20,20,20,20,20,20,20,20,20,20,20,20,20,50,50,50,50,50,50,100,50,50,100,,31,39,,,0,0,85.63,B
20,0,20,20,20,20,20,20,20,18.5,20,20,5,10,20,20,50,50,50,50,50,50,100,50,50,100,,39,45,,,0,0,98.83,A
20,20,20,20,20,20,20,20,20,20,20,20,20,20,20,20,50,50,50,50,50,50,100,50,50,97.91,,38,45,,,0,0,89.12,B+
20,20,20,20,20,20,20,20,20,20,20,20,20,20,20,20,0,50,50,50,50,50,100,37.5,50,84.11,,30.5,39,,,0,0,90.23,A-
20,20,20,20,20,20,20,20,20,20,20,20,20,20,20,20,50,0,50,0,50,50,100,50,50,46.19,,35,41,,,0,0,82.12,B-
20,20,20,20,20,20,20,20,20,20,20,20,20,0,20,20,50,50,50,50,50,50,95,50,50,100,,29.5,45,,,0,0,89.19,B+
20,20,20,20,20,20,20,20,20,0,20,20,20,20,20,20,50,50,50,50,50,50,100,50,50,100,,36,42,,,0,0,94.2,A
20,20,20,20,20,20,20,20,20,20,20,20,20,20,20,20,50,50,50,50,50,50,100,50,50,100,,39,45,,,0,0,99,A
0,20,20,0,20,0,20,20,0,20,20,20,20,0,20,20,50,50,50,50,50,50,100,50,50,100,,32,41,,,0,0,88.16,B+
20,20,20,20,20,20,20,20,20,20,20,20,20,20,20,20,0,50,50,50,50,50,100,50,50,100,,34.5,40,,,0,0,92,A-
20,20,20,20,20,20,20,20,20,20,20,20,20,20,20,20,50,50,50,50,50,50,100,50,50,75.12,,30,40,,,0,0,90.01,A-
20,20,20,20,20,20,20,20,20,20,20,20,20,20,20,20,50,50,50,50,50,50,100,50,50,100,,39,45,,,0,0,98.69,A
20,20,20,0,20,20,20,20,20,15,0,20,20,20,20,20,50,50,50,50,50,50,100,50,50,100,,40,45,,,0,0,97.08,A
20,0,20,20,20,20,0,20,20,20,20,20,20,20,20,20,50,50,28,50,50,50,0,50,50,100,,34,36,,,0,0,85.78,B
20,20,20,20,20,20,20,20,20,19.5,20,20,20,20,20,20,50,50,50,50,50,50,100,50,50,100,,40,44,,,0,0,99.31,A
20,20,20,20,20,20,20,20,20,20,20,20,20,20,20,20,50,50,50,50,50,50,100,50,50,100,,38.5,45,,,0,0,98.19,A
20,20,20,20,20,20,20,20,20,20,20,20,20,20,20,20,50,50,34,50,50,50,100,50,50,100,,35.5,45,,,0,0,97.69,A
20,20,20,20,20,20,20,20,20,20,20,20,20,20,20,20,50,50,50,50,50,50,100,50,50,100,,39,43,,,0,0,99.81,A
20,20,20,20,20,20,20,20,20,20,20,20,20,20,20,20,50,50,50,50,50,50,100,50,50,100,,30,44,,,0,0,94.94,A
20,20,20,20,20,20,20,20,20,20,20,20,20,20,20,20,0,50,50,50,50,50,100,50,50,100,,37.5,42,,,0,0,92.63,A-
20,20,20,20,20,20,20,0,20,20,20,20,20,20,20,20,50,50,50,50,50,50,100,50,50,100,,29.5,37,,,0,0,89.31,B+
7.5,20,20,20,20,20,20,20,20,20,20,20,20,20,20,20,50,50,50,50,50,50,100,50,50,100,,35,43,,,0,0,94.25,A
20,20,20,20,20,20,20,20,20,0,20,20,20,20,4,20,50,50,50,50,50,50,100,50,50,100,,21,21,,,0,0,80.13,B-
20,20,20,20,20,20,20,20,20,20,20,20,20,20,20,20,50,50,50,50,50,50,100,50,50,100,,39,45,,,0,0,97.44,A
20,20,20,20,20,20,20,20,0,3,20,20,20,20,20,20,50,50,50,50,50,50,100,50,50,97.75,,40,45,,,0,0,101.11,A
20,20,20,20,20,20,20,20,20,20,20,20,20,20,20,20,50,50,50,50,50,50,100,50,50,100,,40,43,,,0,0,100.81,A
20,20,20,20,20,20,20,20,20,20,20,20,20,20,20,20,50,50,50,50,50,50,100,50,50,100,,39,43,,,0,0,97,A
20,20,20,20,20,20,20,20,20,20,20,0,0,0,0,20,0,50,0,0,0,50,100,0,0,83.61,,31,31,,,0,0,65.71,D
20,20,20,17,20,20,20,20,20,20,20,20,20,20,20,20,50,50,50,50,50,50,100,50,50,100,,37,45,,,0,0,97.94,A
20,20,20,19.95,20,4,20,20,20,17.5,20,20,20,20,12,20,50,50,50,50,50,50,100,50,50,100,,40,44,,,0,0,97.64,A
20,20,20,20,20,20,20,20,20,20,20,20,20,20,20,20,50,50,41,0,49.6,0,100,50,50,80.43,,32,26,,,0,0,81.57,B-
20,20,20,20,20,20,20,20,20,20,20,20,20,20,20,20,50,50,50,50,50,50,100,50,50,100,,39,44,,,0,0,98.63,A
20,15,20,19.55,20,0,20,20,20,20,20,20,0,20,20,20,30,50,50,50,0,0,100,50,50,0,,27.5,0,,,0,0,43.59,E
20,20,20,20,20,20,20,20,20,20,20,20,20,20,20,20,50,50,50,50,50,50,100,50,50,100,,29,45,,,0,0,93.69,A
20,20,20,20,20,20,20,20,20,20,20,20,20,0,20,20,50,50,50,50,50,50,100,50,50,100,,29.5,37,,,0,0,91.03,A-
20,20,20,20,20,20,20,20,20,20,20,20,20,20,20,20,50,50,50,50,50,50,100,50,50,100,,33,43,,,0,0,95.06,A
20,20,20,20,20,20,20,20,20,20,20,20,20,20,20,20,35,50,40,50,50,50,100,50,50,78.56,,38,36,,,0,0,87.17,B+
20,20,20,20,20,20,20,20,20,20,20,20,20,20,20,20,50,50,50,50,50,50,100,50,50,95,,32,45,,,0,0,95.75,A
20,20,0,11.04,20,20,20,20,20,20,20,20,20,20,20,20,50,50,44,50,50,0,100,50,50,100,,39,35,,,0,0,93.18,A
20,20,20,20,20,20,20,20,20,14.5,20,20,20,20,20,20,40,50,50,50,50,50,100,50,50,100,,40,44,,,0,0,97.13,A
20,20,20,20,20,20,20,20,20,20,20,20,20,20,20,20,50,50,50,50,50,50,100,50,50,100,,37,44,,,0,0,94.13,A
20,20,20,20,20,20,20,20,20,20,20,20,20,20,20,20,50,50,50,50,50,50,100,50,50,100,,40,44,100,100,100,100,106.19,A
0,0,0,0,0,0,0,0,0,0,0,0,0,0,0,0,0,0,0,0,0,0,0,0,0,0,,0,0,,,0,0,0,E
20,20,20,20,20,20,20,20,20,20,20,20,20,20,20,20,50,50,50,50,50,50,100,50,50,100,,24,43,,,0,0,89.5,B+
20,20,20,20,20,20,20,20,20,20,20,20,20,20,20,20,50,50,50,50,50,50,100,50,50,100,,38,43,,,0,0,97.25,A
20,20,20,20,20,20,20,20,20,20,20,20,20,20,20,20,50,50,50,50,50,50,100,50,50,100,,37,43,,,0,0,95.94,A
20,20,20,20,20,20,20,20,20,20,20,20,0,20,20,20,50,50,50,50,50,50,100,50,50,100,,38,40,,,0,0,94.25,A
20,20,20,12.83,20,20,20,20,20,20,20,20,20,20,20,20,35,50,50,50,50,50,100,50,50,100,,37,43,,,0,0,96.56,A
20,20,20,20,20,20,20,20,20,20,20,20,20,20,20,20,50,50,22,50,50,50,100,50,50,71.16,,38,42,100,100,100,100,101.73,A
20,20,20,20,20,20,20,20,20,20,20,20,20,20,20,20,50,50,50,50,50,50,100,50,50,100,,32,36,,,0,0,89.25,B+
20,20,20,20,20,20,20,20,20,20,0,20,20,20,20,20,35,50,50,50,26.96,50,80,50,50,100,,32,38,,,0,0,84.34,B
20,20,20,20,20,20,20,20,20,20,20,20,20,20,20,20,50,50,50,50,50,50,100,50,50,100,,39,45,,,0,0,99,A
20,20,20,20,20,20,20,20,20,20,20,20,20,20,20,20,50,50,50,50,50,50,100,50,50,100,,36.5,40,100,100,100,100,99.31,A
20,20,20,20,20,0,20,20,20,20,20,20,20,20,20,20,50,50,50,50,50,50,75,50,50,100,,34,39,,,0,0,89.25,B+
0,0,0,0,0,0,0,0,0,0,0,0,0,0,0,0,0,0,0,0,0,0,0,0,0,0,,31,0,,,0,0,11.63,E
5,20,20,20,20,20,20,20,20,20,20,20,20,20,20,20,50,50,50,50,50,50,100,50,50,100,,38.5,44,,,0,0,95.63,A
20,20,20,20,20,20,20,20,20,20,20,20,20,20,20,20,50,50,50,32,50,50,100,50,50,100,,35,44,,,0,0,92.13,A-
20,20,20,20,20,20,20,20,20,20,20,20,20,20,20,20,50,50,50,50,50,50,100,50,50,100,,30,45,,,0,0,95.63,A
20,20,20,20,20,20,20,20,20,20,20,20,20,20,20,20,50,50,50,50,50,50,100,50,50,100,,39,44,,,0,0,98.63,A
20,20,20,20,20,20,20,20,20,10,20,20,20,20,20,20,0,0,50,50,50,50,0,50,45,100,,19,20,,,0,0,64.83,D
20,20,20,20,20,20,20,20,20,20,20,20,20,20,20,20,0,50,50,50,50,50,100,50,50,100,,35,45,,,0,0,90,A-
20,20,20,20,20,20,20,20,20,20,20,20,20,20,20,20,50,50,50,50,50,50,100,50,50,100,,39,45,,,0,0,98.06,A
20,20,20,20,20,20,20,20,20,20,20,20,20,20,20,20,50,50,50,50,50,50,100,50,50,100,,28.5,42,,,0,0,90.19,A-
20,20,20,20,20,20,20,20,20,20,20,20,20,20,20,20,5,50,50,50,50,50,100,50,50,100,,38,40,,,0,0,96.44,A
20,15,20,20,20,20,20,20,20,10,20,20,20,20,20,20,50,50,50,50,50,50,100,50,50,100,,40,43,,,0,0,98.94,A
20,20,20,20,20,20,20,20,20,0,10,7,0,0,4,0,0,50,28,50,0,0,80,50,50,0,,37,42,,,0,0,77.06,C+
20,20,20,20,20,20,20,20,20,20,20,20,20,20,20,20,25,50,50,50,0,50,100,50,42.5,75.53,,31,29,,,0,0,81.15,B-
20,20,20,20,20,20,20,20,20,20,20,20,0,0,20,20,50,50,50,50,50,50,100,50,50,76.67,,36,42,,,0,0,89.04,B+
20,20,20,20,20,20,20,20,20,20,20,20,20,20,20,20,50,50,50,50,50,50,100,50,50,100,,35,44,,,0,0,97.13,A
20,20,20,20,20,20,20,20,20,20,20,20,20,20,20,20,50,50,50,50,50,50,100,50,50,100,,37,45,,,0,0,98.56,A
0,20,20,20,20,20,0,0,20,0,20,20,20,20,20,20,50,50,50,50,50,0,100,50,50,100,,37,45,,,0,0,97.52,A
20,20,20,20,20,20,20,20,20,20,20,20,20,20,20,20,50,50,50,50,50,50,100,50,50,100,,27,45,,,0,0,92.63,A-
20,20,20,20,20,20,20,20,20,20,20,20,20,20,20,20,50,50,50,50,50,50,100,50,50,100,,40,44,,,0,0,100.25,A
20,20,20,17.24,0,0,0,20,0,0,0,20,0,20,0,20,50,50,50,50,50,0,100,50,50,0,,37,32,,,0,0,78.89,C+
20,20,20,20,20,20,20,20,20,20,20,20,20,20,20,20,50,50,50,50,50,50,100,50,50,100,,40,43,,,0,0,99.25,A
20,20,20,20,20,6,20,20,20,14.5,20,20,20,8,8,18,50,50,50,50,50,50,100,50,50,100,,35,38,,,0,0,92.04,A-
20,20,20,20,20,0,20,20,20,20,0,20,20,20,20,20,35,50,50,50,50,50,100,50,50,100,,36,40,,,0,0,91.73,A-
20,20,20,20,20,20,20,20,20,20,20,20,20,20,20,20,50,50,50,50,50,50,100,50,50,100,,37,45,,,0,0,98.56,A
20,20,20,20,20,20,20,20,20,20,20,20,20,20,20,20,50,50,50,50,50,50,100,50,50,100,,39,44,,,0,0,99.56,A
20,20,20,20,20,20,20,20,20,20,20,20,20,8,12,0,35,50,50,50,50,0,100,50,50,0,,35,42,,,0,0,61.71,D-
20,20,20,20,20,20,20,20,20,20,20,20,20,20,20,20,35,50,50,50,36.23,50,100,50,50,100,,32.5,45,,,0,0,93.29,A
20,20,20,20,20,20,20,20,20,0,20,20,20,20,20,20,35,50,50,50,50,50,100,50,0,100,,40,45,100,100,100,100,102.19,A
20,20,20,0.33,20,6,20,20,20,20,20,20,20,20,20,20,50,50,50,50,50,50,100,50,50,100,,38,40,,,0,0,95.66,A
20,20,20,19.89,20,20,20,20,20,14.5,20,20,20,20,20,20,50,50,50,50,50,50,100,50,50,100,,37,42,100,100,100,100,103.69,A
20,20,20,20,20,20,20,20,20,20,20,20,20,20,20,20,50,50,50,50,50,50,100,50,50,100,,40,42,100,100,100,100,104.81,A
20,20,20,20,20,20,20,20,20,20,20,20,20,20,20,20,50,50,50,50,50,50,100,50,50,100,,40,45,100,100,100,100,103.44,A
20,20,20,20,20,20,20,20,20,20,20,20,20,20,20,20,50,50,50,50,50,50,100,50,50,100,,39,45,,,0,0,97.13,A
20,20,20,20,20,20,20,20,20,20,20,20,20,20,20,20,50,50,50,50,50,50,100,50,50,100,,40,45,,,0,0,99.38,A
20,20,20,20,20,20,20,20,20,20,20,20,20,20,20,20,35,50,50,50,0,50,100,50,50,0,,38,41,,,0,0,81.79,B-
20,20,20,20,20,20,20,20,20,20,20,20,20,20,20,20,50,50,50,50,50,50,100,50,50,100,,38,42,,,0,0,97.81,A
20,20,20,20,20,20,20,20,20,20,20,20,20,20,20,20,50,50,50,50,50,50,100,50,50,100,,38,45,,,0,0,99.25,A
20,20,20,20,20,20,20,20,20,20,20,20,20,20,20,20,50,50,50,50,50,50,100,50,50,100,,37,45,,,0,0,97.63,A
20,20,20,19.9,20,20,20,20,20,20,20,20,20,20,20,20,50,50,50,50,50,50,100,50,50,100,,40,42,,,0,0,99.19,A
20,20,20,20,20,20,20,20,20,20,20,20,20,20,20,20,50,50,50,50,50,50,100,50,50,100,,34,44,,,0,0,96.75,A
20,20,20,20,20,20,20,20,20,18,20,20,20,20,20,20,50,50,50,50,50,50,100,50,50,100,,39,44,,,0,0,100.19,A
20,20,20,20,20,20,20,0,20,0,20,20,20,0,20,20,35,0,50,28,50,50,100,50,50,100,,38,41,,,0,0,88.39,B+
20,20,20,20,20,20,20,20,20,20,20,20,20,20,20,20,50,50,50,50,50,50,100,50,50,100,,40,45,,,0,0,100.63,A
0,0,0,0.3,7,0,0,10,0,11,20,20,20,20,20,20,50,50,50,50,50,50,100,50,50,100,,26.5,45,,,0,0,85.39,B
20,20,20,20,20,20,20,20,20,20,20,20,20,20,20,20,50,50,50,50,50,50,100,50,50,100,,39,45,,,0,0,100.88,A
20,20,20,20,20,20,20,20,20,20,20,20,20,20,20,20,30,50,50,50,50,50,100,50,50,100,,32,34,,,0,0,84.13,B
0,20,20,20,20,20,20,10,20,20,20,20,20,20,20,20,35,50,50,50,50,0,100,50,50,100,,32,44,,,0,0,91.44,A-
20,20,20,20,20,20,20,20,20,20,20,20,20,20,20,20,50,50,50,50,50,50,100,50,50,100,,39,41,100,100,100,100,104.38,A
20,20,15,20,20,20,20,20,20,20,20,20,20,20,20,20,50,50,50,50,50,50,100,50,50,100,,38,40,,,0,0,90.5,A-
20,20,20,20,20,20,20,20,20,19.5,20,20,20,20,20,20,50,50,50,50,50,50,100,50,50,100,,35,37,,,0,0,94.19,A
20,17.5,20,0,20,20,20,20,20,20,20,20,15,20,20,20,50,50,50,50,50,50,100,50,50,100,,34,43,,,0,0,94.71,A
0,15,12,17.88,20,20,20,20,20,20,20,20,20,20,20,20,30,50,50,50,50,50,100,50,50,100,,37,43,,,0,0,98.14,A
20,20,20,20,20,20,20,20,20,20,20,20,20,20,20,20,50,50,50,50,50,50,100,50,50,100,,31,34,,,0,0,86.25,B
20,20,20,20,20,20,20,20,20,20,20,20,20,20,20,20,45,50,0,0,50,50,55,50,50,100,,39,45,100,100,100,100,98.42,A
20,20,20,20,20,20,20,20,20,20,20,20,20,20,20,20,20,50,50,50,50,50,100,50,50,100,,26,41,,,0,0,90.75,A-
20,20,20,20,0,20,20,20,20,20,20,0,20,20,20,20,50,50,50,50,50,50,100,50,50,100,,38,44,,,0,0,95.85,A
20,20,20,20,20,20,20,20,20,20,20,20,20,20,16,20,50,50,50,50,50,50,100,50,50,100,,40,44,,,0,0,98.06,A
20,20,20,20,20,20,20,20,20,20,20,0,20,20,20,20,50,50,50,50,50,50,100,50,50,100,,40,43,,,0,0,100.19,A
20,20,20,20,20,20,20,20,20,20,20,20,20,20,20,20,50,50,50,50,50,50,100,50,50,100,,39,44,,,0,0,100.81,A
20,20,20,19.89,20,20,20,20,20,17,20,20,0,20,20,9,50,50,44,50,50,0,100,50,50,100,,30,45,,,0,0,92.44,A-
20,20,20,20,20,20,20,20,20,20,20,20,20,20,20,20,50,50,50,50,50,50,100,50,50,100,,37,41,,,0,0,89.56,B+
20,20,20,20,20,20,20,20,20,20,20,20,20,20,20,20,50,50,50,50,50,50,100,50,50,100,,40,39,,,0,0,98.38,A
20,20,20,19.98,20,20,20,20,20,20,20,20,20,20,20,20,50,50,50,50,50,50,100,50,50,99.99,,40,45,,,0,0,95.31,A
20,20,20,20,20,20,20,20,20,20,20,20,20,20,20,20,50,50,50,50,50,50,100,45,50,100,,38,43,,,0,0,95.38,A
20,20,20,20,20,20,20,20,20,20,20,20,20,20,20,20,50,50,50,50,50,50,100,50,50,100,,40,41,,,0,0,98.81,A
20,20,20,0,20,20,20,20,20,20,0,20,20,20,20,20,50,50,50,50,50,50,80,50,50,100,,37.5,43,,,0,0,95.76,A
20,20,20,20,20,0,20,20,20,20,20,20,20,20,20,9,50,50,50,0,50,40,100,50,50,99.99,,38,43,,,0,0,91.6,A-
20,0,20,11,7,20,20,20,20,20,20,20,10,20,20,20,30,50,50,50,0,50,100,50,50,100,,35,40,,,0,0,88.52,B+
20,20,20,8.6,20,20,20,20,20,20,20,20,20,20,20,20,35,50,50,25,50,0,100,20,2,0,,38,44,,,0,0,75.94,C
20,20,20,20,20,20,20,20,20,20,20,20,20,20,20,20,50,50,50,50,27.89,50,100,50,50,60.16,,34,37,,,0,0,83.2,B
20,0,0,0,0,0,14,0,0,0,0,0,0,0,0,20,50,50,50,0,50,32,95,50,50,100,,39,34,100,100,100,100,89.65,B+
0,20,20,20,20,20,20,0,20,20,20,20,20,20,20,20,30,50,50,50,50,50,100,50,50,75.17,,40,45,,,0,0,96.73,A
20,20,20,20,0,20,0,20,20,9.5,0,20,20,20,4,20,50,50,47,32,50,10,100,45,16.5,100,,37.5,45,,,0,0,84.12,B
20,20,20,20,20,20,20,20,20,20,20,20,20,20,20,20,50,50,50,50,50,50,100,50,50,100,,31.5,39,,,0,0,92.38,A-
0,20,20,20,20,20,20,20,20,20,20,20,20,14,20,20,50,50,50,50,50,50,100,50,50,100,,38,45,,,0,0,98.31,A
20,0,20,20,20,20,20,20,20,20,20,20,20,20,20,20,50,50,50,50,50,50,100,50,50,100,,38,45,,,0,0,99.25,A
20,20,20,20,20,20,0,20,20,20,20,20,20,0,20,0,50,50,0,0,50,50,100,50,50,100,,31,45,100,100,100,100,91,A-
20,20,20,20,20,20,20,20,20,20,20,20,20,20,20,20,50,50,50,50,50,50,100,50,50,100,,40,43,,,0,0,99.25,A
20,20,20,20,20,20,20,20,0,20,20,20,20,20,20,0,50,50,50,50,50,50,100,50,50,99.18,,39,44,,,0,0,100.14,A
0,20,20,20,20,20,20,20,20,20,20,20,20,20,20,20,50,50,50,50,47.73,50,100,50,50,100,,37,43,,,0,0,94.69,A
20,20,20,20,20,20,20,20,20,20,20,20,20,20,20,20,0,0,18,50,50,50,0,50,50,100,,31,41,100,100,100,100,87.08,B+
20,20,20,20,20,20,20,20,20,20,20,20,20,20,20,20,50,50,50,50,50,50,100,50,50,100,,40,44,50,50,50,50,102.75,A
20,20,20,20,0,0,20,20,20,20,20,20,20,20,20,20,50,0,0,0,50,0,75,50,50,25,,30,39,,,0,0,77.18,C+
20,20,20,20,20,20,20,20,20,20,20,20,10,20,20,20,50,50,50,50,0,50,100,50,50,100,,37,36,,,0,0,93.78,A
20,20,20,20,20,20,20,20,20,0,20,20,20,20,20,20,45,50,10,50,50,50,100,50,35,100,,27.5,45,100,100,100,100,91.4,A-
20,20,20,20,20,20,20,20,20,20,20,20,20,20,20,20,50,50,50,50,50,50,100,50,50,100,,37,43,,,0,0,96.56,A
20,20,20,20,20,20,20,20,20,20,20,20,20,20,20,20,50,50,50,50,50,50,100,50,50,100,,40,45,,,0,0,101.56,A
20,20,20,20,20,20,20,20,20,20,20,20,20,20,20,20,50,50,50,50,50,50,100,50,50,92.48,,37,45,,,0,0,96.53,A
20,20,20,20,20,20,20,20,20,20,20,20,20,20,0,20,45,50,50,50,50,50,100,50,50,100,,37,40,,,0,0,96.38,A
20,20,20,20,20,20,20,20,20,20,20,20,20,20,20,20,50,50,50,50,50,50,100,50,50,100,,40,42,,,0,0,99.5,A
20,20,20,20,0,0,20,20,20,20,20,20,0,20,20,20,50,50,50,50,0,50,100,50,50,100,,36,30,,,0,0,88.02,B+
20,20,20,20,20,20,20,20,20,20,20,20,20,20,20,20,0,50,44,50,0,0,60,50,0,0,,23,33,,,0,0,58.72,E
20,0,20,20,20,20,20,20,20,20,20,20,20,20,20,20,50,50,35,37,40.43,40,100,40,12,76.67,,32,32,,,0,0,76.63,C
20,20,20,17.27,20,20,20,20,20,20,20,20,20,20,20,20,50,50,50,50,50,50,80,50,50,100,,32,37,,,0,0,87.13,B+
20,20,20,20,20,20,20,20,20,20,0,20,0,20,20,20,50,50,50,50,49.2,0,100,50,50,100,,39,41,,,0,0,91.33,A-
20,20,20,20,20,20,20,20,20,20,20,20,20,20,20,20,50,50,50,50,50,50,100,50,50,100,,40,45,,,0,0,100.31,A
20,20,20,20,20,20,20,20,20,20,20,20,20,20,0,20,50,50,50,50,50,50,100,50,50,100,,36,43,,,0,0,91.19,A-
20,20,20,20,20,20,20,20,20,20,20,20,20,20,20,20,50,50,50,50,50,50,100,50,50,100,,40,44,,,0,0,100.25,A
0,20,20,20,20,20,20,20,20,20,20,20,20,20,20,20,50,50,50,50,50,50,100,50,50,100,,37,45,,,0,0,99.81,A
20,20,20,20,20,0,20,20,20,20,20,20,0,20,20,20,50,50,50,50,50,50,100,50,50,100,,37.5,45,100,100,100,100,97.92,A
20,15,20,20,20,0,20,0,20,20,20,0,0,20,20,20,50,50,44,43,49.75,50,80,50,50,100,,29,45,,,0,0,81.4,B-
20,20,20,20,20,20,20,20,20,20,20,20,20,20,20,20,50,50,50,50,50,50,100,50,50,100,,32,45,,,0,0,96.69,A
20,20,20,20,20,20,20,0,20,20,20,20,20,20,20,20,50,50,50,50,50,50,100,50,50,99.99,,33.5,45,,,0,0,91.21,A-
0,20,20,0,20,0,7,20,0,0,20,20,20,0,20,20,50,50,50,50,50,50,100,50,50,100,,33,38,,,0,0,81.92,B-
20,20,20,20,20,20,20,20,20,20,20,20,20,20,20,20,50,50,50,50,50,50,100,50,50,100,,40,44,,,0,0,98.06,A
20,20,20,20,20,20,20,20,20,20,20,20,20,20,20,20,50,50,50,50,50,50,100,50,50,100,,38,40,,,0,0,96.44,A
20,20,20,20,20,20,20,20,20,2.75,20,20,10,20,20,20,50,50,50,50,50,50,100,50,50,100,,34.5,45,,,0,0,95.44,A
10,20,20,20,20,20,20,20,20,20,20,20,20,20,20,20,50,50,37,24,50,40,100,50,42.5,100,,25,33,,,0,0,83.17,B
20,20,20,20,20,20,20,20,20,20,20,20,20,20,20,15,50,50,50,50,50,50,100,50,50,100,,40,44,,,0,0,99.63,A
20,20,20,20,20,20,20,20,20,20,20,20,20,20,20,20,50,50,50,50,50,50,100,50,50,100,,40,44,,,0,0,100.25,A
20,20,20,20,20,20,20,20,20,20,20,20,20,20,0,20,50,50,50,50,50,50,100,50,50,98.55,,31,25,,,0,0,77.16,C+
20,20,20,20,20,20,20,20,20,20,20,20,20,20,20,20,50,50,50,50,50,50,100,50,50,100,,30.5,33,,,0,0,88.5,B+
20,20,20,20,20,20,20,20,20,20,20,20,20,20,20,20,35,50,50,50,50,50,100,50,50,100,,37,42,,,0,0,95.88,A
20,20,20,20,20,20,20,20,20,20,20,20,20,20,20,20,50,50,50,50,50,50,100,50,50,99.9,,38,44,,,0,0,95.74,A
20,20,20,20,20,20,20,20,20,20,20,20,20,20,20,20,50,50,50,50,50,50,100,50,50,100,,40,45,,,0,0,96.56,A
20,20,20,20,20,20,20,0,20,20,20,20,20,20,0,20,50,50,50,50,50,50,100,50,50,100,,35,43,,,0,0,96.59,A
20,0,20,20,20,20,20,20,20,20,20,20,20,20,20,20,35,50,0,50,50,50,100,50,50,100,,33,38,,,0,0,83.31,B
0,20,20,20,20,20,20,20,20,20,20,20,20,20,20,0,50,50,50,50,50,50,100,50,50,100,,37,43,,,0,0,92.19,A-
20,20,20,20,20,20,20,20,20,20,20,20,20,20,20,20,50,50,50,50,50,50,100,50,50,100,,39,45,,,0,0,97.44,A
20,20,15,8.52,20,20,20,20,20,5,20,20,20,20,20,20,50,50,50,50,50,50,100,50,50,100,,39,45,,,0,0,96.92,A
20,10,0,20,20,20,20,20,20,20,20,20,20,20,20,20,0,0,50,50,47.73,20,100,27.5,35,41.46,,28,32,,,0,0,68.34,D+
20,20,20,20,20,20,20,20,20,20,20,20,20,20,20,20,50,50,50,50,50,50,100,50,50,100,,39,35,,,0,0,94,A
20,20,20,20,20,20,20,20,20,20,20,20,20,20,16,20,0,50,50,50,50,10,100,50,50,66.79,,35,43,,,0,0,86.47,B
20,20,20,20,20,20,20,20,20,20,20,20,20,20,20,20,0,50,50,50,50,50,90,50,50,100,,31.5,44,,,0,0,87.38,B+
20,20,0,20,20,20,20,20,0,20,20,0,0,20,0,0,50,0,0,0,0,0,100,50,50,100,,28.5,36,,,0,0,76.22,C
20,20,20,20,20,20,20,20,20,20,20,20,20,20,20,20,50,50,50,50,50,50,100,50,50,100,,39,45,,,0,0,97.75,A
20,20,20,20,20,20,20,20,20,20,20,0,0,20,20,20,50,50,50,50,50,50,100,50,50,100,,38,43,,,0,0,91,A-
20,20,20,20,20,20,20,20,20,20,20,20,20,20,20,20,50,50,50,50,50,50,100,50,50,100,,40,45,100,100,100,100,100.94,A
20,20,20,20,20,20,20,20,20,18,20,20,20,20,20,20,50,50,44,50,50,50,100,50,50,100,,38,44,,,0,0,98.25,A
20,20,20,20,20,20,20,20,20,20,20,20,20,20,20,20,50,50,50,50,50,50,100,50,50,100,,34,38,,,0,0,93.56,A
20,20,20,20,20,20,20,20,20,0,20,0,0,0,0,20,50,50,50,50,0,50,100,50,50,100,,40,44,,,0,0,87.13,B+
20,20,20,20,20,20,20,20,20,0,20,0,20,20,20,20,0,50,0,0,0,0,35,0,0,0,,32.5,22,,,0,0,56.25,E
20,20,20,20,20,20,20,0,20,20,20,20,20,20,20,20,50,50,50,50,50,50,100,50,50,100,,36.5,42,,,0,0,95.69,A
20,20,20,20,20,20,20,20,20,18,20,20,20,20,20,20,50,50,50,50,50,50,100,50,50,100,,40,45,,,0,0,99.38,A
20,20,20,20,20,20,20,20,20,20,20,20,0,20,20,20,20,20,50,50,50,50,100,50,50,100,,26.5,40,,,0,0,88.31,B+
20,20,20,20,20,20,20,20,20,20,20,20,20,20,20,20,50,50,50,50,50,50,100,50,50,100,,40,45,,,0,0,96.25,A
20,20,20,20,20,20,20,20,20,20,20,20,20,20,20,20,50,50,50,50,50,50,100,50,50,100,,38,45,,,0,0,100.19,A
20,20,20,20,20,20,20,20,20,20,20,20,20,20,20,20,50,50,50,50,50,50,100,50,50,100,,36,43,,,0,0,94.94,A
20,20,0,20,0,20,20,20,20,20,0,20,20,20,20,20,0,0,0,0,0,50,0,0,0,0,,30.5,27,,,0,0,37.4,E
20,20,20,20,20,20,20,20,20,20,20,20,20,20,20,20,50,50,50,50,50,50,100,50,50,100,,35,37,,,0,0,91.69,A-
0,20,20,20,20,20,20,20,20,20,20,0,0,20,0,20,50,50,50,39,50,10,60,50,27.5,50.99,,36.5,43,100,100,100,100,87.68,B+
20,20,20,20,20,20,20,20,20,20,20,20,20,20,20,20,50,50,50,50,50,50,100,50,50,100,,36,44,,,0,0,98.13,A
20,20,20,20,20,20,20,20,20,20,20,20,20,20,20,20,25,50,40,50,50,50,100,50,50,100,,35.5,45,,,0,0,93.29,A
20,20,20,20,20,20,20,20,0,20,20,20,20,20,20,20,50,50,50,50,50,50,100,50,50,100,,39,43,,,0,0,97.73,A
20,20,20,20,20,20,20,20,20,20,20,20,20,20,20,20,50,50,50,50,50,50,100,50,50,100,,37,45,,,0,0,98.88,A
20,20,20,20,20,20,20,20,20,20,20,20,20,20,20,20,50,50,50,50,50,50,100,50,50,100,,40,45,,,0,0,101.25,A
17.5,20,20,0,20,20,20,0,20,20,20,20,20,20,20,20,50,50,50,50,50,50,100,50,50,100,,35,44,,,0,0,94.73,A
20,20,20,20,20,20,20,20,20,20,20,0,20,20,20,0,50,50,50,50,50,50,100,50,50,100,,34.5,43,,,0,0,93.23,A
20,20,20,20,20,20,20,20,20,20,20,20,20,20,20,20,50,50,50,50,50,50,100,50,50,100,,38,44,,,0,0,93.72,A
20,20,20,20,20,20,20,20,20,20,20,20,20,20,20,20,50,50,50,50,47.73,50,100,50,50,100,,36.5,45,,,0,0,90.17,A-
20,20,20,20,20,20,20,20,20,20,20,20,20,20,20,20,50,50,50,50,50,50,100,50,50,100,,40,45,,,0,0,101.25,A
20,20,20,20,20,20,20,20,20,20,20,20,20,20,20,20,50,50,50,50,50,50,100,50,50,100,,37,45,,,0,0,96.38,A
0,20,20,20,0,20,20,20,20,20,20,20,20,0,20,20,50,50,50,50,50,50,0,50,50,100,,32,41,,,0,0,85.6,B
20,20,20,20,20,20,20,20,20,20,20,20,20,20,20,20,50,50,50,50,15.34,50,100,50,50,100,,33.5,45,,,0,0,91.63,A-
20,20,20,20,20,20,20,20,20,20,20,20,20,0,20,20,50,50,50,50,50,50,100,50,50,100,,40,45,,,0,0,96.41,A
20,20,20,20,20,20,20,20,20,20,20,20,20,20,20,20,50,0,50,50,50,50,100,50,50,100,,25,32,100,100,100,100,83.25,B
20,20,20,20,20,20,20,20,20,20,20,20,20,20,20,20,50,50,50,50,50,50,100,50,50,100,,30.5,37,,,0,0,91.88,A-
20,20,20,20,20,20,20,20,20,14.5,0,20,20,20,20,20,50,50,50,50,50,50,100,50,50,100,,33,38,,,0,0,89.21,B+
20,20,20,20,20,20,20,20,20,20,20,20,20,20,20,20,50,50,50,50,50,50,100,50,50,94.67,,34.5,41,,,0,0,94.85,A
20,20,20,20,20,0,20,20,20,0,20,20,20,20,0,20,50,50,50,50,50,50,100,50,50,100,,25.5,45,,,0,0,91.85,A-
20,20,20,20,20,20,20,20,20,20,20,20,20,20,20,20,50,50,50,50,50,50,100,50,50,100,,37.5,45,,,0,0,99.69,A
20,20,20,20,20,20,20,20,20,20,20,20,20,20,20,20,50,50,50,50,50,50,100,50,50,100,,39,45,,,0,0,99.63,A
20,20,20,18.83,17,0,20,20,8,0,10,20,20,20,20,20,30,50,50,50,47.73,50,100,50,50,99.99,,25.5,41,,,0,0,81.17,B-
20,0,20,8.38,20,20,20,20,20,20,20,20,20,20,20,20,35,50,50,50,50,50,100,50,50,100,,39,43,,,0,0,100.13,A
20,20,0,13.87,20,20,20,0,20,20,0,20,0,20,0,0,50,0,0,0,0,0,100,0,0,0,,0,0,,,0,0,15.99,E
20,20,20,20,20,20,20,20,20,20,20,20,20,20,20,20,50,50,50,50,50,50,100,50,50,100,,39,44,,,0,0,98.63,A
0,20,20,20,20,20,20,20,20,20,20,20,20,20,20,20,50,50,50,50,50,50,100,50,50,100,,31.5,39,,,0,0,93,A
0,0,0,0,0,0,0,0,0,0,0,0,0,0,0,0,0,0,0,0,0,0,0,0,0,0,,0,0,,,0,0,0,E
20,20,20,20,20,20,20,20,20,20,20,20,20,20,20,20,50,50,50,50,50,50,100,50,50,100,,34,43,,,0,0,96.22,A
20,20,20,20,20,20,20,20,20,20,20,20,20,20,20,20,50,50,50,50,50,50,100,50,50,100,,40,45,,,0,0,96.88,A
20,20,20,20,20,4,20,20,20,20,20,20,20,20,20,20,50,50,50,50,50,50,100,50,50,100,,36,42,,,0,0,93.31,A
20,20,20,20,0,20,20,20,20,20,20,20,20,20,20,20,50,50,50,50,50,50,100,50,50,100,,37,45,,,0,0,96.53,A
0,20,20,20,0,0,0,20,20,20,20,20,20,20,20,20,50,50,50,50,26.97,50,100,50,50,100,,37,45,100,100,100,100,97.21,A
20,15,20,20,20,10,20,20,20,20,20,20,20,20,20,20,50,50,50,50,50,50,100,50,50,100,,40,40,,,0,0,98.44,A
20,0,20,20,20,0,0,20,20,16.5,20,20,0,0,0,20,0,50,50,50,0,0,100,50,50,0,,30.5,24,,,0,0,63,D
20,20,20,20,20,20,20,20,20,20,20,20,20,20,20,20,50,50,50,50,50,50,100,50,50,100,,38,44,,,0,0,98.88,A
20,20,20,20,20,20,20,20,20,20,20,20,20,20,20,20,50,50,50,50,26.96,50,100,50,50,100,,28,44,,,0,0,92.63,A-
20,20,20,20,20,20,20,20,20,20,20,20,20,20,20,20,50,50,50,50,50,50,100,50,50,100,,40,45,,,0,0,99.69,A
0,0,0,0,0,0,0,0,0,0,0,0,0,0,0,0,0,0,0,0,0,0,0,0,0,0,,37,0,,,0,0,28.41,E
20,20,20,19.89,20,0,20,20,20,20,20,20,20,20,20,20,45,50,50,50,50,50,100,50,50,100,,30,42,,,0,0,90.12,A-
20,20,20,20,20,20,0,0,20,20,20,20,20,20,20,20,50,50,0,25,50,50,100,50,50,100,,29,44,,,0,0,85.29,B
20,20,20,20,20,20,20,0,20,20,20,20,20,20,0,20,0,50,50,50,50,50,100,42.5,35,100,,33,37,,,0,0,83.28,B
20,20,20,20,20,20,20,20,20,20,20,20,20,20,20,20,0,50,50,50,50,50,100,50,50,100,,23.5,36,,,0,0,84.97,B
20,20,20,20,20,20,20,20,20,20,20,20,20,20,20,20,50,40,50,50,50,50,100,50,50,76.62,,36,39,,,0,0,95.1,A
20,20,20,20,20,20,20,20,20,20,20,20,20,20,20,20,50,50,50,50,50,50,100,50,50,100,,34.5,44,,,0,0,91,A-
20,20,20,20,20,20,20,20,20,20,20,20,20,20,20,20,50,50,50,50,50,50,100,50,50,100,,34.5,44,,,0,0,96,A
20,20,20,20,20,20,20,20,20,20,20,20,20,20,20,20,50,50,50,50,50,50,100,50,50,100,,34,43,100,100,100,100,101.69,A
20,20,20,20,20,20,20,20,20,20,20,20,20,20,20,20,0,50,50,50,50,50,100,50,50,100,,26.5,42,,,0,0,87.25,B+
20,20,20,20,20,20,20,20,20,20,20,20,20,20,20,20,50,0,50,50,0,50,100,50,50,100,,37,43,,,0,0,94.58,A
10,20,20,20,20,20,20,20,20,20,20,20,20,20,20,20,50,50,50,50,50,50,100,50,50,100,,32,42,100,100,100,100,96.19,A
20,20,20,20,20,20,20,20,20,20,20,20,20,20,20,20,50,50,50,50,50,50,100,50,50,100,,38,45,,,0,0,99.56,A
20,20,20,20,20,20,20,20,20,10,20,20,20,20,20,20,50,50,32,50,50,50,95,50,50,100,3,30.5,44,,,0,0,94.38,A
20,20,20,20,20,20,20,20,20,20,20,20,20,20,20,20,35,50,50,50,50,50,100,50,50,100,,40,45,100,100,100,100,100,A
20,20,0,0,0,20,20,0,20,0,0,20,0,20,20,20,0,50,0,0,0,0,100,50,50,0,,28.5,14,,,0,0,55.94,E
20,20,20,20,20,20,20,20,20,20,20,20,20,20,20,20,50,50,50,50,50,50,100,50,50,100,,37,44,,,0,0,98.5,A
20,20,0,20,20,20,20,20,20,20,20,20,20,20,20,20,35,50,50,50,50,50,100,50,50,100,,18.5,19,,,0,0,74.06,C
20,15,20,7.02,20,20,20,20,20,20,0,20,20,20,20,20,50,50,40,50,50,0,100,50,50,100,,35,33,,,0,0,84.21,B
20,20,20,20,20,20,20,20,20,20,20,0,20,20,20,20,50,50,50,50,50,50,100,50,50,100,,37,45,,,0,0,98.56,A
20,20,20,20,20,0,20,20,20,20,20,20,20,0,0,20,50,50,50,50,50,50,100,50,50,100,,38,41,,,0,0,90.04,A-
20,20,20,20,20,20,20,20,20,20,20,20,20,20,20,20,50,50,50,50,50,50,100,50,50,100,,35,45,,,0,0,97.19,A
0,20,20,20,20,20,20,20,20,20,20,20,20,20,20,20,50,50,50,50,50,50,100,50,50,100,,40,44,,,0,0,99.31,A
20,20,20,20,20,20,20,20,20,20,20,20,20,20,20,20,50,50,50,50,50,50,100,50,50,100,,40,45,,,0,0,100.94,A
20,20,20,20,20,20,20,20,20,10.5,20,0,0,20,20,20,50,50,50,50,50,50,95,50,50,100,,35,43,,,0,0,94.27,A
20,20,20,20,20,20,20,20,20,20,20,20,20,20,20,20,50,50,50,50,50,50,95,50,50,100,,40,43,,,0,0,93,A
20,20,20,20,20,20,20,20,20,20,20,20,20,20,20,20,50,50,50,50,50,50,100,50,50,100,,28,34,,,0,0,87.94,B+
20,20,20,20,20,20,20,20,20,20,20,20,20,20,20,20,50,50,50,50,50,50,100,50,50,100,,32,39,,,0,0,90.06,A-
20,20,20,20,20,20,20,20,20,20,20,20,20,20,20,20,50,50,50,50,50,50,100,50,50,100,,40,45,,,0,0,99.69,A
20,20,20,20,20,20,20,20,20,20,20,20,20,20,20,20,50,50,50,50,50,50,100,50,50,100,,38.5,44,,,0,0,99.38,A
20,20,20,20,20,20,20,0,20,20,20,20,20,20,0,20,50,50,50,50,50,50,100,50,50,100,,37,40,100,100,100,100,102.31,A
20,20,20,18.14,20,20,20,20,20,20,20,20,20,20,20,20,50,50,50,50,50,50,100,50,50,100,,38,41,,,0,0,98.06,A
20,20,20,20,20,20,20,20,20,0,20,20,20,20,20,20,50,50,50,50,50,50,100,50,50,100,,40,44,100,100,100,100,104.94,A
20,20,0,20,20,20,20,20,0,20,20,20,20,20,20,20,50,50,50,0,50,50,100,50,50,100,,40,45,,,0,0,98.75,A
20,20,20,20,20,20,20,20,20,20,20,20,20,20,20,20,50,50,50,50,50,50,100,50,50,100,,39,44,,,0,0,98.63,A
20,20,20,20,20,20,20,20,20,20,20,20,20,20,20,20,50,50,50,50,50,50,95,50,50,100,,27.5,45,,,0,0,92.19,A-
20,20,20,20,20,20,20,20,20,20,0,20,0,20,0,0,35,0,50,50,0,0,100,50,50,0,0,32,40,100,100,100,100,79.4,C+
20,20,20,20,20,20,20,20,20,20,20,20,20,20,20,20,50,50,50,50,50,50,100,50,50,100,,38,44,,,0,0,98.88,A
20,20,20,20,20,20,20,20,20,20,20,20,20,20,20,20,50,50,50,50,50,50,100,50,41,92.49,,35,36,,,0,0,88.41,B+
20,20,20,20,20,20,20,20,20,20,20,20,20,20,20,20,50,50,50,50,50,50,100,50,50,100,,37,41,,,0,0,94.88,A
20,20,20,20,20,20,20,20,20,20,0,0,20,4,20,20,50,50,50,50,50,50,100,50,50,100,,40,44,,,0,0,94.48,A
20,15,20,20,20,20,20,20,20,0,20,20,20,20,20,20,50,50,44,50,50,50,100,50,50,98.18,,37,43,,,0,0,95.36,A
20,20,20,20,20,20,20,20,20,20,20,20,20,20,20,20,50,50,50,50,50,50,100,50,50,100,,34,45,,,0,0,95.88,A
2.5,20,20,20,20,20,20,20,20,20,20,20,20,20,20,20,50,50,50,50,50,50,100,50,50,100,,37,45,100,100,100,100,101.06,A
20,20,20,20,20,20,20,20,20,20,20,20,20,20,20,20,50,50,50,50,50,50,100,50,50,100,,37,45,,,0,0,98.25,A
20,20,20,20,20,20,20,20,20,20,20,20,20,20,20,20,50,50,50,50,50,50,100,50,50,100,,34.5,43,,,0,0,94.38,A
20,20,20,20,20,20,20,20,20,20,20,20,20,20,20,20,50,50,50,50,0,0,100,50,50,0,,26,29,,,0,0,75.83,C
20,20,20,20,20,20,20,20,20,20,20,20,20,20,20,20,50,50,50,50,50,50,100,50,50,100,,40,45,,,0,0,93.44,A
20,0,20,20,20,20,20,20,0,0,20,0,0,0,0,0,0,50,0,0,0,0,60,0,0,0,,38,0,,,0,0,26.33,E
20,0,20,20,20,20,20,20,20,20,20,20,20,20,20,20,50,50,50,50,50,50,100,50,50,100,,28,40,100,100,100,100,93.63,A
0,20,0,20,20,20,20,20,0,20,20,20,20,0,0,0,50,50,50,50,50,50,100,50,50,100,,38,44,,,0,0,92.21,A-
20,20,20,20,20,20,20,20,20,20,20,20,20,20,20,20,50,50,50,50,50,50,100,50,50,100,,38,45,,,0,0,98.31,A
20,20,20,20,20,20,20,20,20,20,20,20,20,20,12,20,50,50,44,50,50,50,100,50,50,100,,36,42,,,0,0,95.5,A
0,0,0,0,0,0,0,0,0,0,0,0,0,0,0,0,0,0,0,0,0,0,0,0,0,0,,0,0,,,0,0,0,E
20,20,20,20,20,20,20,20,20,20,20,20,20,20,20,20,50,50,50,50,50,50,100,50,50,100,,40,44,,,0,0,100.88,A
20,20,20,20,20,20,20,20,20,20,20,20,20,20,20,20,50,50,50,50,50,50,100,50,50,100,,40,44,,,0,0,101.19,A
20,20,20,20,20,20,20,20,20,20,20,20,20,20,20,20,0,50,50,50,50,50,100,50,50,100,,39,32,,,0,0,93.19,A
20,20,20,20,20,20,20,20,20,20,20,20,20,20,20,20,50,50,50,50,50,50,100,50,50,100,,33,44,,,0,0,93.25,A
20,20,20,20,20,20,20,20,20,20,20,0,20,20,0,0,50,0,50,50,0,0,100,50,50,0,,38.5,43,,,0,0,76.6,C
20,20,20,20,20,20,20,20,20,20,20,20,20,20,20,20,50,50,50,50,50,50,100,50,50,100,,40,45,,,0,0,98.75,A
20,20,20,20,0,0,20,20,16,11,20,20,0,0,4,20,30,50,50,50,50,0,100,50,50,99.99,10,30.5,29,,,0,0,77.04,C+
20,20,20,20,20,20,20,20,20,20,20,20,20,20,20,20,50,50,44,50,0,50,100,50,50,100,,39,44,,,0,0,94.36,A
20,20,20,20,20,20,20,20,20,20,20,20,20,20,20,20,50,50,50,50,50,50,100,50,50,100,,36.5,42,,,0,0,96.16,A
20,0,20,20,20,20,20,0,0,0,0,20,20,20,8,20,50,50,50,50,50,50,100,50,50,78.33,,38,36,,,0,0,80.77,B-
20,20,20,20,20,20,20,20,20,20,20,20,20,20,20,20,50,50,50,50,50,50,100,50,50,100,,35,45,,,0,0,97.81,A
20,20,20,20,20,20,20,20,20,20,20,20,20,20,20,20,50,50,50,50,50,50,100,50,50,100,,34,45,100,100,100,100,101.19,A
20,20,20,20,20,20,20,20,20,20,20,20,15,20,20,20,50,50,50,50,50,50,100,50,50,100,,39,45,,,0,0,99.63,A
20,20,20,20,20,20,20,20,20,20,20,20,20,20,20,20,30,50,50,50,50,50,100,50,50,100,,29,43,,,0,0,90.44,A-
20,20,20,20,20,20,20,20,20,20,0,0,0,20,20,20,50,50,50,50,50,50,100,50,50,99.99,,32.5,43,,,0,0,94.04,A
20,20,20,20,20,20,20,20,20,20,20,20,20,20,20,20,50,50,50,50,50,50,100,50,50,100,,37,45,,,0,0,99.34,A
0,0,0,20,0,20,20,0,0,0,0,0,0,0,0,0,0,0,0,0,0,0,100,50,50,0,,35,23,,,0,0,57.06,E
20,20,20,19.89,20,20,20,20,20,20,20,20,20,20,20,20,50,50,50,50,50,50,100,50,50,100,,40,45,,,0,0,101.25,A
20,20,20,20,20,20,20,20,20,20,20,20,20,20,20,20,50,50,50,50,50,50,100,50,50,93.49,,38,45,,,0,0,96.81,A
20,20,20,20,20,20,20,0,20,20,0,0,20,20,20,20,50,50,44,50,50,50,100,50,0,100,,35,40,,,0,0,90.21,A-
20,20,20,20,20,20,20,20,20,20,20,20,20,20,20,20,50,50,50,50,50,50,100,50,50,100,,37,44,,,0,0,95.69,A
0,20,20,20,20,20,20,20,20,20,20,20,20,20,20,20,50,50,50,46,50,50,100,50,50,99.01,,34,44,,,0,0,94.19,A
20,20,20,20,20,20,20,20,20,20,20,20,20,20,20,20,50,50,50,50,50,50,100,50,50,100,,37,42,,,0,0,93.38,A
20,20,3,20,20,20,20,20,0,0,0,0,0,0,0,0,50,50,0,50,0,50,100,50,50,140,,36,33,,,0,0,87.35,B+
2.5,20,20,20,20,20,20,20,20,20,0,0,0,20,20,20,50,50,50,50,50,50,100,50,50,100,,35,42,100,100,100,100,95.75,A
20,20,20,20,20,20,0,20,20,20,20,20,20,20,20,20,30,50,50,39,50,50,80,45,50,77.5,,39,45,,,0,0,95.2,A
20,20,20,20,20,20,20,20,20,20,0,20,0,20,20,20,50,50,50,50,50,50,100,50,50,100,,40,45,,,0,0,97.81,A
20,20,20,20,20,14,20,20,20,20,20,20,20,20,20,20,50,50,50,50,50,50,100,50,50,100,,39,44,,,0,0,98.63,A
20,20,20,20,20,20,20,20,20,20,20,20,20,20,20,20,50,50,50,50,50,50,100,50,50,100,,40,44,,,0,0,99.94,A
20,20,20,20,20,20,20,20,20,20,20,20,20,20,20,20,50,50,50,50,50,50,100,50,50,100,,37,37,,,0,0,94,A
20,20,20,20,20,20,20,20,20,20,20,20,20,20,20,20,50,50,50,50,50,50,100,45,50,100,,32.5,42,100,100,100,100,95.13,A
20,20,20,20,20,20,20,20,0,20,20,20,20,20,20,20,50,50,50,50,50,50,100,50,50,100,,38,44,,,0,0,96.69,A
20,20,20,20,20,20,20,20,20,20,20,20,20,20,20,20,50,0,50,50,50,50,100,50,50,100,,40,45,,,0,0,100.63,A
20,20,20,20,20,20,20,20,20,20,20,20,20,20,20,20,50,50,50,50,50,50,100,50,50,100,,39,45,,,0,0,100.25,A
20,20,20,20,20,20,20,0,20,20,20,20,20,20,20,20,50,50,50,50,50,50,100,50,50,100,,37,41,,,0,0,91.75,A-
20,20,20,20,20,20,20,20,20,20,20,20,20,20,20,20,50,50,50,50,50,50,100,50,50,100,,39,45,,,0,0,100.25,A
20,20,20,20,20,20,20,20,20,0,20,20,20,20,20,20,50,50,50,50,50,50,100,50,50,100,,38,42,,,0,0,96.25,A
20,20,20,20,20,20,20,20,20,20,20,20,20,20,20,20,50,50,50,50,50,50,100,50,50,100,,40,43,,,0,0,99.25,A
20,20,20,20,20,20,20,20,20,20,20,20,20,20,20,20,50,50,50,50,50,50,100,50,50,100,,40,42,,,0,0,98.25,A
20,0,20,19.91,7,0,20,20,0,20,20,20,20,14,12,0,0,50,50,50,50,0,100,50,50,0,,40,43,,,0,0,76.35,C
0,20,0,20,20,20,20,20,20,20,20,20,20,20,20,20,50,50,50,50,50,50,100,50,50,100,,36,42,,,0,0,95.19,A
20,20,20,20,20,20,20,20,20,20,20,20,20,20,20,20,50,50,50,50,50,50,100,50,50,100,,40,45,,,0,0,99.38,A
20,20,20,20,20,20,20,20,20,20,20,20,20,20,20,20,50,50,50,50,50,50,100,50,50,100,,36.5,45,,,0,0,93.69,A
20,20,20,20,20,20,20,20,20,20,20,20,20,20,20,20,50,50,50,50,50,50,100,50,50,99.93,,40,45,,,0,0,95,A
20,20,20,20,20,20,20,20,20,20,20,20,20,20,20,20,50,50,50,50,50,50,100,50,50,100,,37.5,44,,,0,0,98.06,A
20,20,20,20,20,20,20,20,20,20,20,20,0,20,20,20,50,50,50,50,50,50,100,50,50,100,,40,45,,,0,0,100.94,A
20,20,20,20,20,20,20,20,20,20,20,20,20,20,20,20,50,50,50,50,50,50,100,50,50,100,,39,44,,,0,0,98.78,A
0,20,20,20,20,20,20,20,20,20,20,20,20,20,20,20,50,50,50,50,49.75,50,100,50,50,100,,35,44,,,0,0,93.69,A
20,20,20,20,20,20,20,20,20,20,20,20,20,20,20,20,50,50,50,50,26.96,50,100,50,50,100,,36,45,,,0,0,94.13,A
20,20,20,20,20,20,20,20,20,20,20,20,20,20,20,20,50,50,50,50,50,50,80,50,50,100,,40,42,,,0,0,97.94,A
20,20,20,20,20,20,20,20,20,20,20,20,20,20,20,20,50,50,50,50,50,50,100,50,50,100,,36,42,,,0,0,94.25,A
20,20,20,0,20,20,20,20,20,20,20,20,20,20,20,20,50,50,50,50,50,50,100,50,50,100,,40,45,,,0,0,100.63,A
20,20,20,20,20,20,20,20,20,20,20,20,20,20,20,20,50,50,50,50,50,50,100,50,50,100,,40,45,,,0,0,100,A
0,20,20,20,20,20,20,20,20,20,20,20,20,20,20,20,50,50,50,50,50,50,100,50,50,100,,37.5,44,,,0,0,97.54,A
20,20,20,20,20,20,20,20,20,20,20,20,20,20,20,20,50,50,50,50,50,50,100,50,50,100,,40,45,,,0,0,99.69,A
0,20,20,20,20,20,20,20,20,20,20,20,20,20,20,20,50,0,50,32,50,50,100,50,26.5,75,,36.5,45,,,0,0,84.01,B
20,20,20,20,20,20,20,20,20,20,20,20,5,20,20,20,50,50,50,50,50,50,100,50,50,100,,37,45,,,0,0,96.69,A
20,20,20,20,20,20,20,20,20,20,20,20,20,20,20,20,50,50,50,50,50,50,100,50,50,100,,40,44,,,0,0,98.69,A
20,20,20,0,20,20,20,20,20,16,20,20,20,20,20,20,50,50,50,50,50,50,100,50,50,100,,34.5,42,,,0,0,96.81,A
20,20,20,20,20,20,20,20,20,20,20,20,20,20,20,20,50,50,50,50,50,50,100,50,50,100,,40,45,,,0,0,93.44,A
20,20,20,20,20,20,20,20,20,20,20,20,20,20,20,20,30,50,50,50,35.05,50,100,50,50,100,,35,45,,,0,0,92.31,A-
0,0,0,0,0,0,0,0,0,0,0,0,0,0,0,0,50,0,0,0,0,0,100,50,50,100,1200,0,0,,,0,0,100.1,A
10,0,0,20,20,20,20,20,20,20,20,20,20,20,20,20,50,50,50,50,50,50,100,50,50,100,,34.5,42,,,0,0,92.33,A-
10,20,20,20,20,4,20,20,20,20,20,20,10,4,20,20,50,50,50,50,50,50,100,50,50,100,,40,45,,,0,0,98.81,A
20,20,20,20,20,20,20,20,20,20,20,20,20,20,20,20,50,50,50,50,50,0,100,50,50,100,,36,42,,,0,0,94.72,A
20,20,20,20,20,20,20,20,20,20,20,20,20,20,20,20,50,50,50,33,50,50,80,50,50,100,,30.5,34,,,0,0,82,B-
2.5,20,20,20,20,20,20,20,20,20,20,20,20,20,20,20,50,50,50,50,50,50,100,50,50,100,,38,44,,,0,0,94.19,A
20,20,20,20,20,20,20,20,20,20,20,20,20,20,20,20,50,50,50,50,50,50,100,50,50,100,,40,44,,,0,0,99.63,A
20,20,20,20,20,20,20,20,20,20,20,20,20,20,20,20,45,50,50,50,0.09,50,100,50,50,100,,33,43,,,0,0,93.33,A
20,20,20,20,20,10,20,20,20,20,20,20,20,20,20,20,50,50,50,50,50,50,100,50,50,100,,38,44,,,0,0,97.94,A
0,20,20,20,20,20,20,20,20,20,20,20,20,20,20,20,50,50,50,50,50,50,100,50,50,100,,40,45,,,0,0,100.63,A
20,20,20,20,20,20,20,20,20,20,20,20,20,20,20,0,50,50,50,50,50,50,100,50,50,100,,37,41,,,0,0,96.59,A
0,0,0,0,0,0,0,0,0,0,0,0,0,0,0,0,0,0,0,0,0,0,100,50,50,100,9,40,39,,,0,0,48.94,E
20,0,20,20,20,0,20,20,20,20,20,20,0,0,0,0,50,50,50,50,0,0,100,50,50,0,,30,0,,,0,0,38.75,E
20,20,20,20,20,20,0,20,20,20,20,20,20,20,20,20,50,50,50,39,50,0,100,50,50,98.55,,29,43,,,0,0,84.04,B
20,20,20,20,20,20,20,20,20,20,20,20,20,20,20,20,50,50,50,50,50,50,100,50,50,100,,35,45,,,0,0,90,A-
20,20,20,20,20,20,20,20,20,20,20,20,20,20,20,20,50,50,50,50,50,50,100,50,50,100,,37,45,,,0,0,97.63,A
0,20,20,20,20,20,20,20,20,20,20,20,20,20,20,20,50,50,50,50,50,50,100,50,50,100,,39,45,,,0,0,99.31,A
20,20,20,20,20,20,20,20,20,20,20,20,20,20,20,20,50,50,50,50,50,50,100,50,50,100,,30,45,,,0,0,91.56,A-
0,20,20,20,20,20,20,0,20,0,20,20,0,0,20,20,0,0,0,0,0,50,50,0,0,43.76,,28.5,42,,,0,0,63.85,D
20,20,20,20,20,0,20,20,20,20,20,20,20,20,20,20,0,50,50,50,50,50,100,50,50,100,,30.5,27,,,0,0,85.78,B
20,20,20,20,20,20,20,20,20,20,20,20,20,20,20,20,50,50,50,50,50,50,100,50,50,100,,37,42,,,0,0,94.94,A
20,20,20,20,20,20,20,20,20,20,20,20,20,20,20,20,50,50,50,50,50,50,100,50,50,100,,34,34,,,0,0,90.03,A-
20,20,20,20,20,20,20,20,20,20,20,20,20,8,8,20,50,50,47,50,50,50,100,50,50,100,,36.5,43,,,0,0,91.38,A-
20,0,0,20,20,20,20,20,20,20,20,20,20,20,20,20,50,50,50,50,50,50,100,50,50,100,,34,39,,,0,0,84.2,B
20,20,20,20,20,20,20,20,20,20,20,20,20,20,20,20,35,50,50,50,47.48,50,100,50,50,19.15,,34.5,42,,,0,0,83.24,B
20,20,20,20,20,20,20,20,20,20,20,20,20,20,20,20,50,50,50,50,50,50,100,50,50,100,,40,45,,,0,0,100.63,A
20,20,20,20,20,20,20,20,20,20,20,20,20,20,20,20,50,50,50,50,50,50,100,50,50,100,,40,43,,,0,0,99.88,A
20,20,20,20,20,20,20,20,20,20,20,20,20,20,20,20,50,50,50,50,50,50,100,50,50,100,,32.5,44,,,0,0,93.06,A
20,20,20,19.98,20,20,20,20,20,20,20,20,20,0,20,20,50,50,50,50,50,50,100,50,50,100,,24,36,100,100,100,100,91.88,A-
20,20,20,20,20,20,20,20,20,20,20,20,20,20,20,20,50,50,50,50,50,50,100,50,50,100,,40,45,,,0,0,101.25,A
20,20,20,20,20,0,20,20,20,20,0,20,20,20,20,20,50,50,50,50,50,50,80,50,50,100,,31.5,42,,,0,0,87.25,B+
10,20,20,20,20,20,20,20,20,20,20,20,20,20,20,20,50,50,50,50,50,50,100,50,50,100,,35,45,,,0,0,90,A-
20,20,20,20,20,20,20,20,20,20,20,20,20,20,20,20,50,50,50,50,50,50,100,50,50,100,,36,45,,,0,0,97.25,A
20,20,20,20,20,20,20,20,20,20,20,0,20,20,20,20,50,50,50,50,50,50,100,50,50,100,,39,45,100,100,100,100,105.56,A
15,10,20,20,20,20,20,20,20,20,20,20,20,20,20,20,50,50,50,50,50,50,100,50,50,100,,33,32,,,0,0,84.32,B
20,10,20,20,20,20,20,20,20,20,20,20,20,20,20,20,50,50,50,46,50,50,100,50,50,100,,38,42,,,0,0,98.13,A
20,20,20,20,20,20,0,20,20,20,20,20,20,20,20,20,50,50,50,50,50,50,100,50,50,100,,34.5,43,,,0,0,96.88,A
20,20,20,0,20,20,20,20,20,20,20,20,20,20,20,20,50,50,50,50,50,50,100,50,50,99.99,,39,44,,,0,0,96.44,A
20,0,20,20,20,20,20,20,20,20,20,20,20,20,20,20,50,50,50,50,50,50,100,50,50,100,,35,45,,,0,0,95.94,A
20,20,20,20,20,20,20,20,20,13,20,20,0,14,20,20,50,50,50,50,47.73,50,100,50,50,100,,30.5,39,,,0,0,86.46,B
20,20,20,20,20,20,20,20,20,20,20,20,20,20,20,20,50,50,50,50,0,50,100,50,42.5,100,,40,43,,,0,0,98.78,A
20,20,20,20,20,20,20,20,20,20,20,20,20,20,20,20,50,50,50,50,50,50,100,50,50,100,,37,45,,,0,0,91.38,A-
20,20,20,20,20,20,20,20,20,20,20,20,20,20,20,20,50,50,50,50,50,50,100,50,50,100,,40,42,,,0,0,98.88,A
20,20,20,20,20,20,20,20,20,20,20,20,20,20,20,20,50,50,50,50,50,50,100,50,50,100,,35,42,,,0,0,96.38,A
20,20,20,20,20,20,20,20,20,20,20,20,20,20,20,20,50,50,50,50,50,50,100,50,50,100,,37.5,45,,,0,0,98.75,A
20,20,20,20,13,20,20,20,20,20,20,20,20,20,0,20,50,50,50,50,50,50,100,50,50,100,,24,42,100,100,100,100,94.13,A
20,20,20,20,20,20,20,20,20,20,20,20,20,20,20,20,50,50,50,50,50,50,100,50,50,100,,38,45,,,0,0,100.81,A
20,20,20,20,20,20,20,20,20,20,20,20,20,20,16,20,50,50,50,50,49.6,50,100,50,50,75.22,,40,44,,,0,0,96.2,A
20,20,20,20,20,20,20,20,20,20,20,20,20,20,20,20,50,50,29,50,50,50,100,50,50,100,,34,44,,,0,0,95.81,A
20,20,20,20,20,20,20,20,20,20,20,20,20,20,20,20,35,50,50,50,50,50,100,50,50,100,,31,45,,,0,0,91.31,A-
20,20,20,20,20,20,20,20,20,20,20,20,20,20,20,20,50,50,50,50,50,50,100,50,50,100,,29,44,,,0,0,93,A
20,20,20,20,20,20,20,20,20,0,0,0,0,0,0,0,50,0,0,0,0,0,100,0,0,0,,0,0,,,0,0,15.42,E
20,20,20,20,20,20,20,20,20,20,20,20,20,20,20,20,50,50,50,50,50,50,100,50,50,100,,39,45,,,0,0,99,A
20,20,20,20,20,20,20,20,20,20,20,20,20,20,20,20,50,50,50,50,50,50,100,50,50,100,,39,45,,,0,0,100.56,A
20,0,20,0,20,0,20,20,20,20,10,20,0,20,20,20,50,50,50,50,50,50,100,50,50,100,,32,44,,,0,0,87.22,B+
20,20,20,20,20,20,20,20,20,20,20,20,20,20,20,20,50,50,50,50,50,50,100,50,50,100,,39,42,,,0,0,95.38,A
20,15,20,20,20,20,20,20,20,18.5,0,20,10,0,20,20,50,50,50,37,50,50,100,50,50,100,,38,45,,,0,0,92.1,A-
20,20,20,20,13,20,20,20,20,20,20,20,20,20,20,11,45,20,50,50,50,50,100,50,50,100,,40,41,,,0,0,95.52,A
20,20,20,20,20,20,20,20,20,20,20,20,20,20,20,20,50,50,50,50,50,50,100,50,50,100,,40,45,,,0,0,100,A
20,20,20,0,20,20,20,20,20,20,20,20,20,20,20,20,50,50,50,50,50,50,100,50,50,100,,40,44,,,0,0,101.19,A
20,20,20,20,20,20,20,20,20,20,20,20,20,20,20,20,50,50,50,50,50,50,100,50,50,100,,34,45,,,0,0,90.72,A-
20,20,20,20,20,20,20,20,20,20,20,20,20,20,20,20,50,50,50,50,0,50,100,50,50,19.21,,37,40,,,0,0,81.22,B-
0,20,20,20,20,20,20,20,20,20,20,20,20,20,20,20,50,50,50,50,50,50,80,47.5,50,100,,23,34,,,0,0,80.75,B-
20,20,20,20,20,0,20,20,20,20,20,20,20,20,20,20,50,50,50,50,50,50,100,50,50,100,,37,39,,,0,0,96.47,A
20,20,20,20,20,20,20,20,20,20,20,20,0,20,0,0,50,50,50,50,50,50,100,50,50,100,,38.5,45,,,0,0,96.31,A
0,20,20,20,20,20,20,20,20,20,20,20,20,20,20,20,35,50,50,50,50,50,100,50,50,100,,33,43,100,100,100,100,99.13,A
20,20,20,20,20,20,20,20,20,20,20,20,20,20,20,20,50,50,50,50,50,50,100,50,50,100,,40,44,,,0,0,99.31,A
20,20,20,20,20,20,20,20,20,20,20,20,20,20,20,20,35,50,50,50,50,50,100,50,50,100,,38,43,,,0,0,97.56,A
2.5,0,20,20,20,20,20,0,20,20,20,20,20,20,20,20,50,50,50,50,50,50,100,50,50,100,,30.5,42,100,100,100,100,97.71,A
20,20,20,20,20,20,20,20,20,20,20,20,20,0,20,20,50,50,50,50,50,50,100,50,50,100,,38,43,,,0,0,97.88,A
20,20,20,20,20,20,20,20,20,20,20,20,20,20,20,20,45,50,50,50,50,50,100,50,50,100,,34,44,,,0,0,93,A
20,20,20,20,20,20,20,20,20,20,20,20,20,20,20,20,50,50,50,50,50,50,100,50,50,100,,40,44,,,0,0,99.31,A
20,0,20,20,20,20,20,20,20,20,20,20,20,20,20,20,0,50,50,50,50,50,60,50,50,100,,40,44,,,0,0,96.58,A
20,20,20,20,20,20,20,20,20,20,20,20,20,20,20,20,50,50,50,50,50,50,100,50,50,100,,39,45,100,100,100,100,101.5,A
20,20,20,20,20,20,0,20,20,20,20,20,0,20,20,0,50,50,44,8,0.4,0,100,45,50,100,,35.5,40,,,0,0,80.11,B-
20,20,20,20,20,20,20,20,20,20,20,20,20,20,20,20,50,50,50,50,50,50,100,50,50,100,,39,44,,,0,0,99.25,A
20,20,20,20,20,20,20,20,20,20,20,20,20,0,0,0,50,50,50,50,50,50,100,50,50,100,,36.5,34,,,0,0,91.23,A-
20,20,20,0,20,20,20,20,20,14.5,20,20,20,20,20,20,50,50,50,50,49.75,50,100,50,50,100,,39,44,,,0,0,98.63,A
20,20,20,20,20,20,20,20,20,15,20,20,20,20,12,20,50,50,50,50,50,50,100,50,50,100,,39,43,,,0,0,98.56,A
20,20,20,20,20,20,20,20,20,20,20,20,20,20,20,20,50,50,50,50,50,50,100,50,50,100,,39,43,,,0,0,93.56,A
20,20,20,20,20,20,20,20,20,20,20,20,20,20,20,20,50,50,50,50,50,50,100,50,50,100,,39,45,,,0,0,99.63,A
20,20,20,20,20,20,20,20,20,20,20,20,20,20,20,20,50,50,50,50,50,50,100,50,50,100,,40,45,,,0,0,98.75,A
20,20,20,20,20,20,20,20,20,17,20,20,20,14,0,20,50,50,50,50,50,50,100,50,50,100,,39,45,,,0,0,98.94,A
20,20,9,20,20,20,20,20,20,20,20,20,20,20,20,20,0,50,50,39,50,50,100,17.5,14.5,84.9,,31.5,44,,,0,0,80.41,B-
20,20,20,20,20,20,20,20,20,20,20,20,20,20,20,20,50,50,50,50,50,50,100,50,50,100,,38,44,,,0,0,95.13,A
20,20,20,20,20,20,20,20,20,20,20,20,20,20,20,20,50,50,50,50,50,50,100,50,50,100,,40,45,,,0,0,100.94,A
15,20,20,20,20,20,20,20,20,20,20,20,20,20,20,20,50,50,50,50,50,50,100,50,50,100,,39,44,,,0,0,96.44,A
20,20,20,20,20,20,20,20,20,20,20,20,20,20,20,20,50,50,50,50,50,50,100,50,50,100,,39,42,,,0,0,97.25,A
20,20,20,20,20,0,20,20,20,20,20,20,20,20,20,20,45,50,12,46,47.73,50,100,50,33.5,49.78,,36,38,,,0,0,81.95,B-
20,20,20,20,20,20,20,20,20,20,20,20,20,20,20,20,35,50,50,50,50,50,100,50,50,100,,35,43,,,0,0,94.56,A
20,20,20,20,20,20,20,20,20,20,20,20,20,20,20,20,50,50,50,50,50,50,100,50,50,100,,40,42,,,0,0,97,A
20,20,20,20,20,20,20,20,20,20,20,20,20,20,20,20,0,0,50,25,47.73,50,0,50,0,100,,29.5,44,,,0,0,74.05,C
20,20,20,20,20,20,0,0,20,20,20,0,15,20,20,20,50,50,6,50,50,50,100,50,50,100,,38,45,,,0,0,98.52,A
0,20,20,20,20,20,20,20,20,20,20,20,20,20,20,20,50,50,50,50,50,50,100,50,50,100,,37.5,41,,,0,0,95.38,A
20,20,20,20,20,20,20,20,20,20,20,0,0,0,20,0,50,50,50,50,50,50,100,50,50,100,,32,42,,,0,0,94.52,A
20,20,20,20,20,20,20,20,0,20,20,20,20,20,20,20,50,50,50,50,50,50,100,50,50,99.99,,40,43,,,0,0,99.25,A
20,20,20,19.87,20,20,20,20,20,20,20,20,20,20,20,20,50,50,50,20,50,50,100,50,50,100,,40,45,,,0,0,101.56,A
20,20,20,20,20,20,20,20,20,20,20,20,20,20,16,20,50,50,50,50,50,50,100,50,50,100,,40,45,,,0,0,94.69,A
20,20,20,20,20,20,20,20,20,20,20,20,20,20,20,20,50,50,50,50,50,50,100,50,50,100,,37,43,,,0,0,98.75,A
20,20,20,20,20,20,20,20,20,20,20,20,0,20,20,20,50,50,50,50,50,50,100,50,50,100,,35,37,,,0,0,93.88,A
0,0,20,20,20,20,20,20,20,20,20,20,20,20,0,20,0,50,50,50,50,50,100,50,50,100,,35,45,,,0,0,93.23,A
20,20,20,20,20,20,20,20,20,20,20,20,20,20,20,20,50,50,50,50,50,50,100,50,50,100,,40,44,,,0,0,100.88,A
20,20,20,11.32,20,20,20,20,20,20,20,20,20,20,20,20,50,50,50,50,50,50,100,50,50,100,,39,42,,,0,0,96.31,A
20,20,20,20,20,20,20,20,20,20,20,20,20,20,20,20,50,50,50,50,50,50,100,50,50,100,,39,45,,,0,0,100.56,A
20,20,17,20,20,20,20,20,20,20,20,20,20,20,20,20,50,50,50,50,50,50,100,50,50,100,,31,43,,,0,0,94.31,A
20,20,20,19.89,20,20,20,20,20,20,20,20,20,20,20,20,50,50,50,50,50,50,100,50,50,100,,35,43,,,0,0,93,A
20,20,20,20,20,20,20,20,20,20,20,20,20,20,20,20,50,50,50,50,50,50,100,50,50,100,,37,45,,,0,0,95.23,A
0,20,20,20,20,20,0,20,20,20,20,20,20,20,20,20,20,50,50,50,50,50,60,50,50,95,,19.5,41,,,0,0,73.73,C
20,20,20,20,20,20,20,20,20,20,20,20,20,20,20,20,50,50,50,50,50,50,100,50,50,100,,39,45,,,0,0,99,A
20,20,20,20,20,20,20,20,20,19,20,20,20,20,20,20,50,50,50,50,50,50,100,50,50,100,,40,45,,,0,0,100.31,A
20,20,20,20,20,20,20,20,20,20,20,20,20,0,20,20,50,50,40,50,50,50,100,50,50,100,,30.5,43,,,0,0,93.5,A
20,20,20,20,20,20,20,20,20,20,20,20,20,20,20,20,35,50,50,50,50,50,100,50,50,100,,38.5,45,,,0,0,99.13,A
20,20,20,20,20,20,20,20,20,20,20,20,20,20,20,20,50,50,50,50,50,50,100,50,50,100,,40,44,,,0,0,98.38,A
20,20,20,20,17,20,20,20,20,20,0,20,20,20,20,20,20,50,50,50,50,50,80,50,50,100,,35,42,,,0,0,93.88,A
20,15,20,20,20,0,20,20,2,17,20,20,20,20,20,20,50,50,50,50,49.75,50,100,50,50,79.92,,38,45,,,0,0,95.47,A
20,20,20,20,20,0,20,20,20,20,20,20,20,20,0,20,50,50,50,50,50,50,100,50,50,100,,39,45,,,0,0,96.92,A
20,20,20,20,20,20,20,20,20,20,20,20,20,20,20,20,50,50,50,50,0,50,100,50,50,100,,35,28,,,0,0,85.34,B
0,20,20,20,20,20,20,20,8,6.5,20,20,20,20,20,20,50,50,50,50,50,50,100,50,40,97.5,,29,39,,,0,0,82.03,B-
20,20,20,0,20,20,20,20,20,20,20,20,20,20,0,20,50,50,50,50,50,50,100,50,50,100,,38,45,,,0,0,96.65,A
20,20,20,20,20,20,20,20,20,20,20,20,20,20,20,20,50,50,50,50,50,50,100,50,50,100,,40,45,100,100,100,100,105.94,A
0,20,9,20,20,20,0,20,20,20,20,20,20,20,20,20,50,50,50,50,50,50,100,50,50,100,,34.5,43,,,0,0,94.33,A
20,20,20,20,20,20,20,20,20,20,20,20,20,20,20,20,50,50,50,50,50,50,100,50,50,100,,40,45,,,0,0,101.25,A
20,12.5,20,20,20,20,20,20,20,20,20,20,20,20,20,20,50,50,50,50,50,50,100,50,50,97.5,,35,33,,,0,0,92.53,A-
20,20,20,20,20,20,20,20,20,20,20,20,20,20,20,20,50,50,50,50,50,50,100,50,50,100,3,33,45,,,0,0,93.81,A
20,20,20,20,20,20,20,20,20,20,20,20,20,20,20,20,50,50,50,50,50,50,100,50,50,100,,40,45,,,0,0,100.94,A
20,20,20,20,20,20,20,20,20,20,20,20,20,20,20,20,50,50,50,50,50,50,100,50,50,100,,28.5,41,100,100,100,100,93.25,A
20,20,20,20,20,20,20,20,20,20,20,20,20,20,20,20,50,50,50,50,50,50,100,50,50,100,,39,42,,,0,0,98.19,A
20,20,20,20,20,20,20,20,20,20,20,20,20,20,20,20,50,50,50,50,50,50,100,50,50,100,,36,45,,,0,0,90.38,A-
2.5,20,20,20,20,20,20,20,20,20,20,20,20,20,20,20,50,50,50,50,50,50,100,50,50,100,,32,31,,,0,0,84.72,B
20,20,20,20,20,20,20,20,20,20,20,20,20,20,20,20,50,50,50,50,50,50,100,50,50,100,,39,44,,,0,0,98,A
20,20,20,20,20,20,20,20,20,20,20,20,20,20,20,20,50,50,50,50,50,50,100,50,50,100,,32,29.42,,,0,0,83.35,B
20,20,20,20,20,20,20,20,20,20,20,20,20,20,20,20,50,50,50,50,50,50,100,50,50,100,,40,45,100,100,100,100,105.31,A
20,20,20,20,20,20,20,20,20,20,20,20,10,20,20,20,50,50,50,50,50,50,100,50,50,100,,39,43,,,0,0,96.06,A
20,20,20,20,20,20,20,20,20,20,20,20,20,20,20,20,50,50,50,50,50,50,100,50,50,100,,34.5,43,100,100,100,100,100,A
20,20,20,20,14,20,20,20,8,17,20,20,5,20,16,20,35,50,50,50,50,50,100,50,44,100,,36,33,,,0,0,91,A-
20,20,20,20,20,20,20,20,20,20,20,20,20,20,20,20,50,50,50,50,50,50,100,50,50,100,,40,45,,,0,0,98.75,A
20,20,20,20,20,20,20,20,20,20,20,20,20,20,20,20,50,50,50,50,50,50,100,50,50,100,,33.5,44,,,0,0,95.63,A
20,20,20,20,20,20,20,20,20,20,20,20,0,20,20,20,50,50,50,50,50,50,100,50,50,100,,40,44,,,0,0,100.88,A
0,0,0,0,0,0,0,0,0,0,0,0,0,0,0,0,0,0,0,0,0,0,0,0,0,0,,0,0,,,0,0,0,E
