Lab 02,Lab 03,Lab 04,Lab 05,Lab 06,Lab 07,Lab 08,Lab 09,Lab 10,Lab 11,Lab 12,Lab 13,Lab 14,Lab 15,Lab 16,Lab 17,Lab 20,Lab 21,Lab 22,Lab 23,Homework 1,Homework 2,Homework 3,Homework 4,Homework 5,Homework 6,Homework 7,Project 1,Project 2A,Project 2B,Project 3,Project 4,Midterm 1,Midterm 2,Final Exam,Final Exam Grade
20.0,20.0,20,20.0,20,20,20,20,20,20.0,20,20,20,20,20,20,20,20,20,20,50,50,50,50,50.0,50,50,100,50.0,50.0,100.0,100.0,40.0,40.0,64.0,A+
20.0,15.0,20,17.31,20,20,20,20,20,20.0,20,20,20,20,20,20,20,20,20,20,50,50,50,50,50.0,50,0,100,50.0,50.0,100.0,0.0,40.0,44.0,54.0,B
20.0,20.0,20,20.0,20,20,20,20,20,20.0,20,20,20,20,20,20,20,20,20,20,50,50,50,50,50.0,50,50,100,50.0,50.0,100.0,100.0,37.0,45.0,56.0,B+
20.0,0.0,20,14.35,0,0,0,0,0,0.0,0,0,20,20,8,20,0,0,0,0,0,50,0,0,50.0,0,0,0,0.0,0.0,0.0,0.0,15.0,0.0,0.0,E
20.0,10.0,20,20.0,20,20,20,20,20,20.0,20,20,20,20,20,20,20,20,20,20,50,50,50,50,50.0,50,50,100,50.0,50.0,100.0,100.0,36.5,34.0,56.0,B+
10.0,0.0,20,20.0,20,20,20,20,20,20.0,20,20,20,20,20,20,20,20,20,20,0,50,41,50,0.0,20,0,20,50.0,42.5,100.0,0.0,30.0,45.0,53.0,B-
20.0,20.0,20,20.0,20,20,20,20,20,20.0,20,20,20,20,20,20,20,20,20,20,50,50,50,50,50.0,50,50,100,50.0,50.0,100.0,100.0,40.0,45.0,59.0,A-
20.0,0.0,0,0.0,0,0,20,0,20,0.0,0,0,0,20,20,20,20,20,20,20,50,50,50,0,50.0,50,50,100,50.0,50.0,100.0,100.0,37.0,45.0,58.0,A-
20.0,20.0,20,20.0,20,20,20,20,20,20.0,10,20,20,20,20,20,20,20,20,20,50,50,50,50,50.0,50,50,100,50.0,50.0,100.0,62.5,36.0,45.0,52.0,B-
0.0,20.0,20,20.0,20,20,20,20,20,20.0,20,20,20,20,20,20,20,20,20,20,50,50,50,50,50.0,50,50,100,50.0,50.0,100.0,100.0,32.0,44.0,52.0,B-
20.0,20.0,20,20.0,20,20,20,20,20,20.0,20,20,20,20,20,20,20,20,20,20,50,50,50,50,50.0,50,50,100,50.0,50.0,100.0,100.0,37.0,41.0,44.0,D+
20.0,20.0,20,19.89,20,20,20,20,20,20.0,20,20,20,20,20,20,20,20,20,20,50,50,50,50,50.0,50,50,100,50.0,50.0,100.0,100.0,40.0,45.0,60.0,A-
20.0,20.0,20,20.0,0,20,20,20,20,20.0,20,20,20,20,20,20,20,20,20,20,50,50,50,50,50.0,50,50,100,50.0,50.0,100.0,65.0,34.5,42.0,54.0,B
20.0,20.0,20,20.0,20,20,20,20,20,20.0,20,20,20,20,20,20,20,20,20,20,50,50,50,50,50.0,50,50,100,50.0,50.0,100.0,100.0,35.0,45.0,54.0,B
20.0,20.0,20,20.0,20,20,20,20,20,20.0,20,20,20,20,20,20,20,20,20,20,50,50,50,50,50.0,50,50,100,50.0,50.0,100.0,100.0,38.0,44.0,58.0,A-
20.0,20.0,20,20.0,20,20,20,20,20,20.0,20,20,20,20,20,20,20,20,20,20,50,50,50,50,50.0,50,50,100,50.0,50.0,100.0,100.0,39.0,45.0,58.0,A-
20.0,20.0,20,20.0,20,20,20,20,20,20.0,20,20,20,20,20,20,20,20,20,20,50,50,50,50,50.0,50,50,100,50.0,50.0,100.0,100.0,39.0,44.0,60.0,A-
20.0,15.0,20,20.0,20,20,20,20,20,20.0,20,20,20,0,20,20,20,20,20,20,50,50,50,50,50.0,0,50,100,50.0,50.0,0.0,75.0,35.0,38.0,49.0,C
20.0,20.0,20,20.0,20,20,20,20,20,20.0,20,20,20,20,20,20,20,20,20,20,50,50,50,50,50.0,50,50,100,50.0,50.0,100.0,90.0,34.5,43.0,51.0,C+
20.0,20.0,15,20.0,20,20,20,20,20,0.0,20,20,20,20,20,20,20,20,20,20,50,50,50,50,50.0,50,50,100,50.0,50.0,100.0,25.0,35.0,39.0,49.0,C
20.0,20.0,20,20.0,20,20,20,20,20,20.0,20,20,20,20,20,20,20,20,20,20,50,50,50,50,50.0,50,50,100,50.0,50.0,100.0,100.0,35.0,30.94,43.0,D+
20.0,20.0,20,20.0,20,20,20,20,20,20.0,20,20,20,20,20,20,20,0,20,20,50,50,50,50,50.0,50,50,100,50.0,50.0,99.98,100.0,27.0,36.0,46.5,C-
20.0,20.0,20,20.0,20,20,20,20,20,20.0,20,20,20,20,20,20,20,20,20,20,50,50,50,50,50.0,50,50,100,50.0,50.0,100.0,0.0,31.0,39.0,50.0,C+
20.0,0.0,20,20.0,20,20,20,20,20,18.5,20,20,5,10,20,20,20,20,20,20,50,50,50,50,50.0,50,50,100,50.0,50.0,100.0,100.0,39.0,45.0,57.0,B+
20.0,20.0,20,20.0,20,20,20,20,20,20.0,20,20,20,20,20,20,20,20,0,0,50,50,50,50,50.0,50,50,100,50.0,50.0,97.91,25.0,38.0,45.0,41.0,D
20.0,20.0,20,20.0,20,20,20,20,20,20.0,20,20,20,20,20,20,20,20,20,20,0,50,50,50,50.0,50,50,100,37.5,50.0,84.11,100.0,30.5,39.0,51.0,C+
20.0,20.0,20,20.0,20,20,20,20,20,20.0,20,20,20,20,20,20,0,20,0,20,50,0,50,0,50.0,50,0,100,50.0,50.0,46.19,0.0,35.0,41.0,53.0,B-
20.0,20.0,20,20.0,20,20,20,20,20,20.0,20,20,20,0,20,20,20,10,20,20,50,50,50,50,50.0,50,50,95,50.0,50.0,100.0,50.0,29.5,45.0,47.0,C-
20.0,20.0,20,20.0,20,20,20,20,20,0.0,20,20,20,20,20,20,20,0,20,0,50,50,50,50,50.0,50,50,100,50.0,50.0,100.0,75.0,36.0,42.0,55.5,B
20.0,20.0,20,20.0,20,20,20,20,20,20.0,20,20,20,20,20,20,20,20,20,20,50,50,50,50,50.0,50,50,100,50.0,50.0,100.0,100.0,39.0,45.0,56.0,B+
0.0,20.0,20,0.0,20,0,20,20,0,20.0,20,20,20,0,20,20,20,20,20,20,50,50,50,50,50.0,50,50,100,50.0,50.0,100.0,75.0,32.0,41.0,47.5,C
20.0,20.0,20,20.0,20,20,20,20,20,20.0,20,20,20,20,20,20,20,20,20,14,0,50,50,50,50.0,50,50,100,50.0,50.0,100.0,75.0,34.5,40.0,50.0,C+
20.0,20.0,20,20.0,20,20,20,20,20,20.0,20,20,20,20,20,20,20,20,20,20,50,50,50,50,50.0,50,50,100,50.0,50.0,75.12,100.0,30.0,40.0,49.0,C
20.0,20.0,20,20.0,20,20,20,20,20,20.0,20,20,20,20,20,20,20,20,20,20,50,50,50,50,50.0,50,50,100,50.0,50.0,100.0,100.0,39.0,45.0,55.0,B
20.0,20.0,20,0.0,20,20,20,20,20,15.0,0,20,20,20,20,20,20,20,0,20,50,50,50,50,50.0,50,50,100,50.0,50.0,100.0,65.0,40.0,45.0,59.0,A-
20.0,0.0,20,20.0,20,20,0,20,20,20.0,20,20,20,20,20,20,20,20,20,20,50,50,28,50,50.0,50,50,0,50.0,50.0,100.0,100.0,34.0,36.0,50.5,C+
20.0,20.0,20,20.0,20,20,20,20,20,19.5,20,20,20,20,20,20,20,20,20,0,50,50,50,50,50.0,50,50,100,50.0,50.0,100.0,100.0,40.0,44.0,57.0,B+
20.0,20.0,20,20.0,20,20,20,20,20,20.0,20,20,20,20,20,20,20,20,20,20,50,50,50,50,50.0,50,50,100,50.0,50.0,100.0,100.0,38.5,45.0,54.0,B
20.0,20.0,20,20.0,20,20,20,20,20,20.0,20,20,20,20,20,20,20,20,20,20,50,50,34,50,50.0,50,50,100,50.0,50.0,100.0,100.0,35.5,45.0,56.0,B+
20.0,20.0,20,20.0,20,20,20,20,20,20.0,20,20,20,20,20,20,20,20,20,20,50,50,50,50,50.0,50,50,100,50.0,50.0,100.0,100.0,39.0,43.0,61.0,A
20.0,20.0,20,20.0,20,20,20,20,20,20.0,20,20,20,20,20,20,20,20,20,20,50,50,50,50,50.0,50,50,100,50.0,50.0,100.0,100.0,30.0,44.0,55.0,B
20.0,20.0,20,20.0,20,20,20,20,20,20.0,20,20,20,20,20,20,20,20,20,20,0,50,50,50,50.0,50,50,100,50.0,50.0,100.0,100.0,37.5,42.0,41.0,D
20.0,20.0,20,20.0,20,20,20,0,20,20.0,20,20,20,20,20,20,20,20,20,20,50,50,50,50,50.0,50,50,100,50.0,50.0,100.0,100.0,29.5,37.0,46.0,C-
7.5,20.0,20,20.0,20,20,20,20,20,20.0,20,20,20,20,20,20,20,20,20,20,50,50,50,50,50.0,50,50,100,50.0,50.0,100.0,100.0,35.0,43.0,48.0,C
20.0,20.0,20,20.0,20,20,20,20,20,0.0,20,20,20,20,4,20,20,20,20,20,50,50,50,50,50.0,50,50,100,50.0,50.0,100.0,100.0,21.0,21.0,46.0,C-
20.0,20.0,20,20.0,20,20,20,20,20,20.0,20,20,20,20,20,20,20,20,20,20,50,50,50,50,50.0,50,50,100,50.0,50.0,100.0,100.0,39.0,45.0,51.0,C+
20.0,20.0,20,20.0,20,20,20,20,0,3.0,20,20,20,20,20,20,20,20,20,20,50,50,50,50,50.0,50,50,100,50.0,50.0,97.75,100.0,40.0,45.0,62.0,A
20.0,20.0,20,20.0,20,20,20,20,20,20.0,20,20,20,20,20,20,20,0,20,20,50,50,50,50,50.0,50,50,100,50.0,50.0,100.0,100.0,40.0,43.0,63.0,A+
20.0,20.0,20,20.0,20,20,20,20,20,20.0,20,20,20,20,20,20,20,20,20,20,50,50,50,50,50.0,50,50,100,50.0,50.0,100.0,100.0,39.0,43.0,52.0,B-
20.0,20.0,20,20.0,20,20,20,20,20,20.0,20,0,0,0,0,20,0,20,0,0,0,50,0,0,0.0,50,50,100,0.0,0.0,83.61,25.0,31.0,31.0,43.5,D+
20.0,20.0,20,17.0,20,20,20,20,20,20.0,20,20,20,20,20,20,20,20,20,20,50,50,50,50,50.0,50,50,100,50.0,50.0,100.0,100.0,37.0,45.0,55.0,B
20.0,20.0,20,19.95,20,4,20,20,20,17.5,20,20,20,20,12,20,20,20,20,20,50,50,50,50,50.0,50,50,100,50.0,50.0,100.0,100.0,40.0,44.0,52.0,B-
20.0,20.0,20,20.0,20,20,20,20,20,20.0,20,20,20,20,20,20,20,20,0,0,50,50,41,0,49.6,0,0,100,50.0,50.0,80.43,90.0,32.0,26.0,49.0,C
20.0,20.0,20,20.0,20,20,20,20,20,20.0,20,20,20,20,20,20,20,20,20,20,50,50,50,50,50.0,50,50,100,50.0,50.0,100.0,100.0,39.0,44.0,56.0,B+
20.0,15.0,20,19.55,20,0,20,20,20,20.0,20,20,0,20,20,20,20,20,20,20,30,50,50,50,0.0,0,0,100,50.0,50.0,0.0,0.0,27.5,0.0,0.0,E
20.0,20.0,20,20.0,20,20,20,20,20,20.0,20,20,20,20,20,20,20,20,20,20,50,50,50,50,50.0,50,50,100,50.0,50.0,100.0,100.0,29.0,45.0,51.0,C+
20.0,20.0,20,20.0,20,20,20,20,20,20.0,20,20,20,0,20,20,20,20,20,20,50,50,50,50,50.0,50,50,100,50.0,50.0,100.0,100.0,29.5,37.0,51.5,B-
20.0,20.0,20,20.0,20,20,20,20,20,20.0,20,20,20,20,20,20,20,20,20,20,50,50,50,50,50.0,50,50,100,50.0,50.0,100.0,100.0,33.0,43.0,53.0,B-
20.0,20.0,20,20.0,20,20,20,20,20,20.0,20,20,20,20,20,20,20,20,20,20,35,50,40,50,50.0,50,50,100,50.0,50.0,78.56,15.0,38.0,36.0,52.5,B-
20.0,20.0,20,20.0,20,20,20,20,20,20.0,20,20,20,20,20,20,20,20,20,20,50,50,50,50,50.0,50,50,100,50.0,50.0,95.0,100.0,32.0,45.0,55.0,B
20.0,20.0,0,11.04,20,20,20,20,20,20.0,20,20,20,20,20,20,20,20,20,20,50,50,44,50,50.0,0,50,100,50.0,50.0,100.0,100.0,39.0,35.0,50.0,C+
20.0,20.0,20,20.0,20,20,20,20,20,14.5,20,20,20,20,20,20,20,20,20,20,40,50,50,50,50.0,50,50,100,50.0,50.0,100.0,75.0,40.0,44.0,55.0,B
20.0,20.0,20,20.0,20,20,20,20,20,20.0,20,20,20,20,20,20,20,20,20,20,50,50,50,50,50.0,50,50,100,50.0,50.0,100.0,100.0,37.0,44.0,44.0,D+
20.0,20.0,20,20.0,20,20,20,20,20,20.0,20,20,20,20,20,20,20,20,20,0,50,50,50,50,50.0,50,50,100,50.0,50.0,100.0,100.0,40.0,44.0,63.0,A+
0.0,0.0,0,0.0,0,0,0,0,0,0.0,0,0,0,0,0,0,0,0,0,0,0,0,0,0,0.0,0,0,0,0.0,0.0,0.0,0.0,0.0,0.0,0.0,E
20.0,20.0,20,20.0,20,20,20,20,20,20.0,20,20,20,20,20,20,20,20,20,20,50,50,50,50,50.0,50,50,100,50.0,50.0,100.0,100.0,24.0,43.0,46.0,C-
20.0,20.0,20,20.0,20,20,20,20,20,20.0,20,20,20,20,20,20,20,20,20,20,50,50,50,50,50.0,50,50,100,50.0,50.0,100.0,100.0,38.0,43.0,54.0,B
20.0,20.0,20,20.0,20,20,20,20,20,20.0,20,20,20,20,20,20,20,20,20,20,50,50,50,50,50.0,50,50,100,50.0,50.0,100.0,100.0,37.0,43.0,51.0,C+
20.0,20.0,20,20.0,20,20,20,20,20,20.0,20,20,0,20,20,20,20,20,20,20,50,50,50,50,50.0,50,50,100,50.0,50.0,100.0,100.0,38.0,40.0,48.0,C
20.0,20.0,20,12.83,20,20,20,20,20,20.0,20,20,20,20,20,20,20,20,20,20,35,50,50,50,50.0,50,50,100,50.0,50.0,100.0,75.0,37.0,43.0,58.0,A-
20.0,20.0,20,20.0,20,20,20,20,20,20.0,20,20,20,20,20,20,20,20,0,20,50,50,22,50,50.0,50,34,100,50.0,50.0,71.16,100.0,38.0,42.0,61.0,A
20.0,20.0,20,20.0,20,20,20,20,20,20.0,20,20,20,20,20,20,20,20,20,20,50,50,50,50,50.0,50,50,100,50.0,50.0,100.0,100.0,32.0,36.0,44.0,D+
20.0,20.0,20,20.0,20,20,20,20,20,20.0,0,20,20,20,20,20,0,20,20,20,35,50,50,50,26.96,50,50,80,50.0,50.0,100.0,25.0,32.0,38.0,46.5,C-
20.0,20.0,20,20.0,20,20,20,20,20,20.0,20,20,20,20,20,20,20,20,20,20,50,50,50,50,50.0,50,50,100,50.0,50.0,100.0,100.0,39.0,45.0,56.0,B+
20.0,20.0,20,20.0,20,20,20,20,20,20.0,20,20,20,20,20,20,20,20,20,20,50,50,50,50,50.0,50,50,100,50.0,50.0,100.0,100.0,36.5,40.0,50.0,C+
20.0,20.0,20,20.0,20,0,20,20,20,20.0,20,20,20,20,20,20,20,20,20,20,50,50,50,50,50.0,50,50,75,50.0,50.0,100.0,50.0,34.0,39.0,53.0,B-
0.0,0.0,0,0.0,0,0,0,0,0,0.0,0,0,0,0,0,0,0,0,0,0,0,0,0,0,0.0,0,0,0,0.0,0.0,0.0,0.0,31.0,0.0,0.0,E
5.0,20.0,20,20.0,20,20,20,20,20,20.0,20,20,20,20,20,20,20,20,20,20,50,50,50,50,50.0,50,50,100,50.0,50.0,100.0,100.0,38.5,44.0,47.0,C-
20.0,20.0,20,20.0,20,20,20,20,20,20.0,20,20,20,20,20,20,20,20,20,20,50,50,50,32,50.0,50,50,100,50.0,50.0,100.0,50.0,35.0,44.0,50.0,C+
20.0,20.0,20,20.0,20,20,20,20,20,20.0,20,20,20,20,20,20,20,20,20,20,50,50,50,50,50.0,50,50,100,50.0,50.0,100.0,100.0,30.0,45.0,56.0,B+
20.0,20.0,20,20.0,20,20,20,20,20,20.0,20,20,20,20,20,20,20,20,20,20,50,50,50,50,50.0,50,50,100,50.0,50.0,100.0,100.0,39.0,44.0,56.0,B+
20.0,20.0,20,20.0,20,20,20,20,20,10.0,20,20,20,20,20,20,20,20,20,0,0,0,50,50,50.0,50,50,0,50.0,45.0,100.0,50.0,19.0,20.0,37.0,E
20.0,20.0,20,20.0,20,20,20,20,20,20.0,20,20,20,20,20,20,20,20,20,20,0,50,50,50,50.0,50,50,100,50.0,50.0,100.0,15.0,35.0,45.0,49.0,C
20.0,20.0,20,20.0,20,20,20,20,20,20.0,20,20,20,20,20,20,20,20,20,20,50,50,50,50,50.0,50,50,100,50.0,50.0,100.0,100.0,39.0,45.0,53.0,B-
20.0,20.0,20,20.0,20,20,20,20,20,20.0,20,20,20,20,20,20,20,20,20,20,50,50,50,50,50.0,50,50,100,50.0,50.0,100.0,100.0,28.5,42.0,44.0,D+
20.0,20.0,20,20.0,20,20,20,20,20,20.0,20,20,20,20,20,20,20,20,20,20,5,50,50,50,50.0,50,50,100,50.0,50.0,100.0,100.0,38.0,40.0,55.0,B
20.0,15.0,20,20.0,20,20,20,20,20,10.0,20,20,20,20,20,20,20,20,20,20,50,50,50,50,50.0,50,50,100,50.0,50.0,100.0,100.0,40.0,43.0,57.0,B+
20.0,20.0,20,20.0,20,20,20,20,20,0.0,10,7,0,0,4,0,20,0,20,20,0,50,28,50,0.0,0,50,80,50.0,50.0,0.0,15.0,37.0,42.0,59.0,A-
20.0,20.0,20,20.0,20,20,20,20,20,20.0,20,20,20,20,20,20,20,20,20,20,25,50,50,50,0.0,50,24,100,50.0,42.5,75.53,100.0,31.0,29.0,39.5,D-
20.0,20.0,20,20.0,20,20,20,20,20,20.0,20,20,0,0,20,20,20,20,20,20,50,50,50,50,50.0,50,50,100,50.0,50.0,76.67,25.0,36.0,42.0,51.0,C+
20.0,20.0,20,20.0,20,20,20,20,20,20.0,20,20,20,20,20,20,20,20,20,20,50,50,50,50,50.0,50,50,100,50.0,50.0,100.0,100.0,35.0,44.0,56.0,B+
20.0,20.0,20,20.0,20,20,20,20,20,20.0,20,20,20,20,20,20,20,20,20,20,50,50,50,50,50.0,50,50,100,50.0,50.0,100.0,100.0,37.0,45.0,57.0,B+
0.0,20.0,20,20.0,20,20,0,0,20,0.0,20,20,20,20,20,20,20,20,20,20,50,50,50,50,50.0,0,50,100,50.0,50.0,100.0,100.0,37.0,45.0,59.0,A-
20.0,20.0,20,20.0,20,20,20,20,20,20.0,20,20,20,20,20,20,20,20,20,20,50,50,50,50,50.0,50,50,100,50.0,50.0,100.0,100.0,27.0,45.0,50.0,C+
20.0,20.0,20,20.0,20,20,20,20,20,20.0,20,20,20,20,20,20,20,20,20,12,50,50,50,50,50.0,50,50,100,50.0,50.0,100.0,100.0,40.0,44.0,60.0,A-
20.0,20.0,20,17.24,0,0,0,20,0,0.0,0,20,0,20,0,20,0,0,20,0,50,50,50,50,50.0,0,50,100,50.0,50.0,0.0,100.0,37.0,32.0,54.0,B
20.0,20.0,20,20.0,20,20,20,20,20,20.0,20,20,20,20,20,20,20,20,20,0,50,50,50,50,50.0,50,50,100,50.0,50.0,100.0,100.0,40.0,43.0,58.0,A-
20.0,20.0,20,20.0,20,6,20,20,20,14.5,20,20,20,8,8,18,20,20,0,0,50,50,50,50,50.0,50,50,100,50.0,50.0,100.0,100.0,35.0,38.0,53.0,B-
20.0,20.0,20,20.0,20,0,20,20,20,20.0,0,20,20,20,20,20,20,20,0,20,35,50,50,50,50.0,50,50,100,50.0,50.0,100.0,40.0,36.0,40.0,57.0,B+
20.0,20.0,20,20.0,20,20,20,20,20,20.0,20,20,20,20,20,20,20,20,20,0,50,50,50,50,50.0,50,50,100,50.0,50.0,100.0,100.0,37.0,45.0,57.0,B+
20.0,20.0,20,20.0,20,20,20,20,20,20.0,20,20,20,20,20,20,20,20,20,20,50,50,50,50,50.0,50,50,100,50.0,50.0,100.0,100.0,39.0,44.0,59.0,A-
20.0,20.0,20,20.0,20,20,20,20,20,20.0,20,20,20,8,12,0,20,0,0,0,35,50,50,50,50.0,0,0,100,50.0,50.0,0.0,0.0,35.0,42.0,0.0,E
20.0,20.0,20,20.0,20,20,20,20,20,20.0,20,20,20,20,20,20,20,20,20,20,35,50,50,50,36.23,50,50,100,50.0,50.0,100.0,75.0,32.5,45.0,52.0,B-
20.0,20.0,20,20.0,20,20,20,20,20,0.0,20,20,20,20,20,20,20,20,20,20,35,50,50,50,50.0,50,50,100,50.0,0.0,100.0,100.0,40.0,45.0,59.0,A-
20.0,20.0,20,0.33,20,6,20,20,20,20.0,20,20,20,20,20,20,20,20,20,20,50,50,50,50,50.0,50,50,100,50.0,50.0,100.0,100.0,38.0,40.0,52.5,B-
20.0,20.0,20,19.89,20,20,20,20,20,14.5,20,20,20,20,20,20,20,20,20,20,50,50,50,50,50.0,50,50,100,50.0,50.0,100.0,100.0,37.0,42.0,61.0,A
20.0,20.0,20,20.0,20,20,20,20,20,20.0,20,20,20,20,20,20,20,20,20,20,50,50,50,50,50.0,50,50,100,50.0,50.0,100.0,100.0,40.0,42.0,61.0,A
20.0,20.0,20,20.0,20,20,20,20,20,20.0,20,20,20,20,20,20,20,20,20,20,50,50,50,50,50.0,50,50,100,50.0,50.0,100.0,100.0,40.0,45.0,53.0,B-
20.0,20.0,20,20.0,20,20,20,20,20,20.0,20,20,20,20,20,20,20,20,20,20,50,50,50,50,50.0,50,50,100,50.0,50.0,100.0,100.0,39.0,45.0,50.0,C+
20.0,20.0,20,20.0,20,20,20,20,20,20.0,20,20,20,20,20,20,20,20,20,20,50,50,50,50,50.0,50,50,100,50.0,50.0,100.0,75.0,40.0,45.0,61.0,A
20.0,20.0,20,20.0,20,20,20,20,20,20.0,20,20,20,20,20,20,20,20,20,20,35,50,50,50,0.0,50,0,100,50.0,50.0,0.0,0.0,38.0,41.0,53.86,B
20.0,20.0,20,20.0,20,20,20,20,20,20.0,20,20,20,20,20,20,20,20,20,20,50,50,50,50,50.0,50,50,100,50.0,50.0,100.0,100.0,38.0,42.0,57.0,B+
20.0,20.0,20,20.0,20,20,20,20,20,20.0,20,20,20,20,20,20,20,20,20,20,50,50,50,50,50.0,50,50,100,50.0,50.0,100.0,100.0,38.0,45.0,58.0,A-
20.0,20.0,20,20.0,20,20,20,20,20,20.0,20,20,20,20,20,20,20,20,20,20,50,50,50,50,50.0,50,50,100,50.0,50.0,100.0,100.0,37.0,45.0,54.0,B
20.0,20.0,20,19.9,20,20,20,20,20,20.0,20,20,20,20,20,20,20,20,20,20,50,50,50,50,50.0,50,50,100,50.0,50.0,100.0,100.0,40.0,42.0,59.0,A-
20.0,20.0,20,20.0,20,20,20,20,20,20.0,20,20,20,20,20,20,20,20,20,20,50,50,50,50,50.0,50,50,100,50.0,50.0,100.0,100.0,34.0,44.0,56.0,B+
20.0,20.0,20,20.0,20,20,20,20,20,18.0,20,20,20,20,20,20,20,20,20,20,50,50,50,50,50.0,50,50,100,50.0,50.0,100.0,100.0,39.0,44.0,61.0,A
20.0,20.0,20,20.0,20,20,20,0,20,0.0,20,20,20,0,20,20,20,20,20,20,35,0,50,28,50.0,50,0,100,50.0,50.0,100.0,25.0,38.0,41.0,55.0,B
20.0,20.0,20,20.0,20,20,20,20,20,20.0,20,20,20,20,20,20,20,20,20,20,50,50,50,50,50.0,50,50,100,50.0,50.0,100.0,100.0,40.0,45.0,60.0,A-
0.0,0.0,0,0.3,7,0,0,10,0,11.0,20,20,20,20,20,20,20,20,20,20,50,50,50,50,50.0,50,50,100,50.0,50.0,100.0,100.0,26.5,45.0,45.0,C-
20.0,20.0,20,20.0,20,20,20,20,20,20.0,20,20,20,20,20,20,20,20,0,20,50,50,50,50,50.0,50,50,100,50.0,50.0,100.0,100.0,39.0,45.0,62.0,A
20.0,20.0,20,20.0,20,20,20,20,20,20.0,20,20,20,20,20,20,20,20,20,0,30,50,50,50,50.0,50,50,100,50.0,50.0,100.0,0.0,32.0,34.0,50.0,C+
0.0,20.0,20,20.0,20,20,20,10,20,20.0,20,20,20,20,20,20,20,20,20,20,35,50,50,50,50.0,0,50,100,50.0,50.0,100.0,50.0,32.0,44.0,53.0,B-
20.0,20.0,20,20.0,20,20,20,20,20,20.0,20,20,20,20,20,20,20,20,20,20,50,50,50,50,50.0,50,42,100,50.0,50.0,100.0,100.0,39.0,41.0,62.0,A
20.0,20.0,15,20.0,20,20,20,20,20,20.0,20,20,20,20,20,20,20,20,20,20,50,50,50,50,50.0,50,50,100,50.0,50.0,100.0,15.0,38.0,40.0,53.0,B-
20.0,20.0,20,20.0,20,20,20,20,20,19.5,20,20,20,20,20,20,20,20,6,20,50,50,50,50,50.0,50,50,100,50.0,50.0,100.0,100.0,35.0,37.0,55.0,B
20.0,17.5,20,0.0,20,20,20,20,20,20.0,20,20,15,20,20,20,20,20,20,20,50,50,50,50,50.0,50,50,100,50.0,50.0,100.0,75.0,34.0,43.0,56.0,B+
0.0,15.0,12,17.88,20,20,20,20,20,20.0,20,20,20,20,20,20,20,20,20,20,30,50,50,50,50.0,50,50,100,50.0,50.0,100.0,100.0,37.0,43.0,59.0,A-
20.0,20.0,20,20.0,20,20,20,20,20,20.0,20,20,20,20,20,20,20,0,20,6,50,50,50,50,50.0,50,50,100,50.0,50.0,100.0,50.0,31.0,34.0,48.0,C
20.0,20.0,20,20.0,20,20,20,20,20,20.0,20,20,20,20,20,20,20,20,20,20,45,50,0,0,50.0,50,50,55,50.0,50.0,100.0,100.0,39.0,45.0,53.0,B-
20.0,20.0,20,20.0,20,20,20,20,20,20.0,20,20,20,20,20,20,20,20,20,20,20,50,50,50,50.0,50,50,100,50.0,50.0,100.0,100.0,26.0,41.0,50.0,C+
20.0,20.0,20,20.0,0,20,20,20,20,20.0,20,0,20,20,20,20,0,20,20,20,50,50,50,50,50.0,50,50,100,50.0,50.0,100.0,65.0,38.0,44.0,58.0,A-
20.0,20.0,20,20.0,20,20,20,20,20,20.0,20,20,20,20,16,20,20,20,20,20,50,50,50,50,50.0,50,50,100,50.0,50.0,100.0,100.0,40.0,44.0,53.0,B-
20.0,20.0,20,20.0,20,20,20,20,20,20.0,20,0,20,20,20,20,20,20,0,20,50,50,50,50,50.0,50,50,100,50.0,50.0,100.0,100.0,40.0,43.0,61.0,A
20.0,20.0,20,20.0,20,20,20,20,20,20.0,20,20,20,20,20,20,20,20,20,20,50,50,50,50,50.0,50,50,100,50.0,50.0,100.0,100.0,39.0,44.0,63.0,A+
20.0,20.0,20,19.89,20,20,20,20,20,17.0,20,20,0,20,20,9,20,0,20,0,50,50,44,50,50.0,0,50,100,50.0,50.0,100.0,100.0,30.0,45.0,51.0,C+
20.0,20.0,20,20.0,20,20,20,20,20,20.0,20,20,20,20,20,20,20,20,20,20,50,50,50,50,50.0,50,50,100,50.0,50.0,100.0,75.0,37.0,41.0,38.0,E
20.0,20.0,20,20.0,20,20,20,20,20,20.0,20,20,20,20,20,20,20,20,20,20,50,50,50,50,50.0,50,50,100,50.0,50.0,100.0,100.0,40.0,39.0,60.0,A-
20.0,20.0,20,19.98,20,20,20,20,20,20.0,20,20,20,20,20,20,20,20,20,20,50,50,50,50,50.0,50,40,100,50.0,50.0,99.99,25.0,40.0,45.0,58.0,A-
20.0,20.0,20,20.0,20,20,20,20,20,20.0,20,20,20,20,20,20,20,20,20,20,50,50,50,50,50.0,50,0,100,45.0,50.0,100.0,100.0,38.0,43.0,49.0,C
20.0,20.0,20,20.0,20,20,20,20,20,20.0,20,20,20,20,20,20,20,20,20,20,50,50,50,50,50.0,50,50,100,50.0,50.0,100.0,100.0,40.0,41.0,59.0,A-
20.0,20.0,20,0.0,20,20,20,20,20,20.0,0,20,20,20,20,20,20,0,20,20,50,50,50,50,50.0,50,50,80,50.0,50.0,100.0,100.0,37.5,43.0,56.5,B+
20.0,20.0,20,20.0,20,0,20,20,20,20.0,20,20,20,20,20,9,20,20,20,20,50,50,50,0,50.0,40,50,100,50.0,50.0,99.99,0.0,38.0,43.0,57.0,B+
20.0,0.0,20,11.0,7,20,20,20,20,20.0,20,20,10,20,20,20,20,20,0,20,30,50,50,50,0.0,50,0,100,50.0,50.0,100.0,40.0,35.0,40.0,57.0,B+
20.0,20.0,20,8.6,20,20,20,20,20,20.0,20,20,20,20,20,20,20,0,0,0,35,50,50,25,50.0,0,0,100,20.0,2.0,0.0,0.0,38.0,44.0,54.0,B
20.0,20.0,20,20.0,20,20,20,20,20,20.0,20,20,20,20,20,20,20,20,20,20,50,50,50,50,27.89,50,50,100,50.0,50.0,60.16,0.0,34.0,37.0,49.0,C
20.0,0.0,0,0.0,0,0,14,0,0,0.0,0,0,0,0,0,20,0,20,20,20,50,50,50,0,50.0,32,50,95,50.0,50.0,100.0,100.0,39.0,34.0,59.0,A-
0.0,20.0,20,20.0,20,20,20,0,20,20.0,20,20,20,20,20,20,20,20,20,20,30,50,50,50,50.0,50,50,100,50.0,50.0,75.17,100.0,40.0,45.0,52.5,B-
20.0,20.0,20,20.0,0,20,0,20,20,9.5,0,20,20,20,4,20,20,20,20,0,50,50,47,32,50.0,10,50,100,45.0,16.5,100.0,25.0,37.5,45.0,44.0,D+
20.0,20.0,20,20.0,20,20,20,20,20,20.0,20,20,20,20,20,20,20,20,20,20,50,50,50,50,50.0,50,50,100,50.0,50.0,100.0,100.0,31.5,39.0,51.0,C+
0.0,20.0,20,20.0,20,20,20,20,20,20.0,20,20,20,14,20,20,20,20,20,20,50,50,50,50,50.0,50,50,100,50.0,50.0,100.0,100.0,38.0,45.0,55.0,B
20.0,0.0,20,20.0,20,20,20,20,20,20.0,20,20,20,20,20,20,20,20,20,20,50,50,50,50,50.0,50,50,100,50.0,50.0,100.0,100.0,38.0,45.0,58.0,A-
20.0,20.0,20,20.0,20,20,0,20,20,20.0,20,20,20,0,20,0,0,20,20,20,50,50,0,0,50.0,50,0,100,50.0,50.0,100.0,50.0,31.0,45.0,50.0,C+
20.0,20.0,20,20.0,20,20,20,20,20,20.0,20,20,20,20,20,20,20,20,20,20,50,50,50,50,50.0,50,50,100,50.0,50.0,100.0,100.0,40.0,43.0,58.0,A-
20.0,20.0,20,20.0,20,20,20,20,0,20.0,20,20,20,20,20,0,20,20,20,20,50,50,50,50,50.0,50,50,100,50.0,50.0,99.18,100.0,39.0,44.0,61.0,A
0.0,20.0,20,20.0,20,20,20,20,20,20.0,20,20,20,20,20,20,20,20,20,20,50,50,50,50,47.73,50,50,100,50.0,50.0,100.0,65.0,37.0,43.0,54.0,B
20.0,20.0,20,20.0,20,20,20,20,20,20.0,20,20,20,20,20,20,20,20,20,20,0,0,18,50,50.0,50,50,0,50.0,50.0,100.0,100.0,31.0,41.0,45.0,C-
20.0,20.0,20,20.0,20,20,20,20,20,20.0,20,20,20,20,20,20,20,20,20,20,50,50,50,50,50.0,50,50,100,50.0,50.0,100.0,100.0,40.0,44.0,60.0,A-
20.0,20.0,20,20.0,0,0,20,20,20,20.0,20,20,20,20,20,20,20,20,20,20,50,0,0,0,50.0,0,0,75,50.0,50.0,25.0,100.0,30.0,39.0,45.5,C-
20.0,20.0,20,20.0,20,20,20,20,20,20.0,20,20,10,20,20,20,20,0,20,20,50,50,50,50,0.0,50,50,100,50.0,50.0,100.0,100.0,37.0,36.0,52.5,B-
20.0,20.0,20,20.0,20,20,20,20,20,0.0,20,20,20,20,20,20,20,20,20,20,45,50,10,50,50.0,50,50,100,50.0,35.0,100.0,40.0,27.5,45.0,45.0,C-
20.0,20.0,20,20.0,20,20,20,20,20,20.0,20,20,20,20,20,20,20,20,20,20,50,50,50,50,50.0,50,50,100,50.0,50.0,100.0,100.0,37.0,43.0,53.0,B-
20.0,20.0,20,20.0,20,20,20,20,20,20.0,20,20,20,20,20,20,20,20,20,20,50,50,50,50,50.0,50,50,100,50.0,50.0,100.0,100.0,40.0,45.0,63.0,A+
20.0,20.0,20,20.0,20,20,20,20,20,20.0,20,20,20,20,20,20,20,20,20,20,50,50,50,50,50.0,50,50,100,50.0,50.0,92.48,100.0,37.0,45.0,52.0,B-
20.0,20.0,20,20.0,20,20,20,20,20,20.0,20,20,20,20,0,20,20,0,20,20,45,50,50,50,50.0,50,50,100,50.0,50.0,100.0,100.0,37.0,40.0,56.0,B+
20.0,20.0,20,20.0,20,20,20,20,20,20.0,20,20,20,20,20,20,20,20,20,20,50,50,50,50,50.0,50,50,100,50.0,50.0,100.0,100.0,40.0,42.0,60.0,A-
20.0,20.0,20,20.0,0,0,20,20,20,20.0,20,20,0,20,20,20,20,20,6,20,50,50,50,50,0.0,50,50,100,50.0,50.0,100.0,75.0,36.0,30.0,52.0,B-
20.0,20.0,20,20.0,20,20,20,20,20,20.0,20,20,20,20,20,20,20,0,0,0,0,50,44,50,0.0,0,0,60,50.0,0.0,0.0,0.0,23.0,33.0,38.0,E
20.0,0.0,20,20.0,20,20,20,20,20,20.0,20,20,20,20,20,20,20,20,20,20,50,50,35,37,40.43,40,42,100,40.0,12.0,76.67,15.0,32.0,32.0,44.0,D+
20.0,20.0,20,17.27,20,20,20,20,20,20.0,20,20,20,20,20,20,20,20,20,0,50,50,50,50,50.0,50,50,80,50.0,50.0,100.0,90.0,32.0,37.0,42.0,D
20.0,20.0,20,20.0,20,20,20,20,20,20.0,0,20,0,20,20,20,20,15,20,20,50,50,50,50,49.2,0,50,100,50.0,50.0,100.0,25.0,39.0,41.0,52.0,B-
20.0,20.0,20,20.0,20,20,20,20,20,20.0,20,20,20,20,20,20,20,20,20,20,50,50,50,50,50.0,50,50,100,50.0,50.0,100.0,90.0,40.0,45.0,61.0,A
20.0,20.0,20,20.0,20,20,20,20,20,20.0,20,20,20,20,0,20,20,0,20,20,50,50,50,50,50.0,50,0,100,50.0,50.0,100.0,40.0,36.0,43.0,49.0,C
20.0,20.0,20,20.0,20,20,20,20,20,20.0,20,20,20,20,20,20,20,20,20,0,50,50,50,50,50.0,50,50,100,50.0,50.0,100.0,100.0,40.0,44.0,60.0,A-
0.0,20.0,20,20.0,20,20,20,20,20,20.0,20,20,20,20,20,20,20,20,20,20,50,50,50,50,50.0,50,50,100,50.0,50.0,100.0,100.0,37.0,45.0,61.0,A
20.0,20.0,20,20.0,20,0,20,20,20,20.0,20,20,0,20,20,20,20,0,20,20,50,50,50,50,50.0,50,50,100,50.0,50.0,100.0,25.0,37.5,45.0,56.0,B+
20.0,15.0,20,20.0,20,0,20,0,20,20.0,20,0,0,20,20,20,0,0,0,0,50,50,44,43,49.75,50,50,80,50.0,50.0,100.0,15.0,29.0,45.0,50.0,C+
20.0,20.0,20,20.0,20,20,20,20,20,20.0,20,20,20,20,20,20,20,20,20,20,50,50,50,50,50.0,50,50,100,50.0,50.0,100.0,100.0,32.0,45.0,57.0,B+
20.0,20.0,20,20.0,20,20,20,0,20,20.0,20,20,20,20,20,20,0,20,0,0,50,50,50,50,50.0,50,50,100,50.0,50.0,99.99,65.0,33.5,45.0,50.0,C+
0.0,20.0,20,0.0,20,0,7,20,0,0.0,20,20,20,0,20,20,20,20,20,0,50,50,50,50,50.0,50,50,100,50.0,50.0,100.0,15.0,33.0,38.0,49.0,C
20.0,20.0,20,20.0,20,20,20,20,20,20.0,20,20,20,20,20,20,20,20,20,20,50,50,50,50,50.0,50,50,100,50.0,50.0,100.0,100.0,40.0,44.0,53.0,B-
20.0,20.0,20,20.0,20,20,20,20,20,20.0,20,20,20,20,20,20,20,20,20,20,50,50,50,50,50.0,50,50,100,50.0,50.0,100.0,100.0,38.0,40.0,55.0,B
20.0,20.0,20,20.0,20,20,20,20,20,2.75,20,20,10,20,20,20,20,20,20,20,50,50,50,50,50.0,50,50,100,50.0,50.0,100.0,100.0,34.5,45.0,50.0,C+
10.0,20.0,20,20.0,20,20,20,20,20,20.0,20,20,20,20,20,20,20,20,20,20,50,50,37,24,50.0,40,50,100,50.0,42.5,100.0,100.0,25.0,33.0,40.5,D-
20.0,20.0,20,20.0,20,20,20,20,20,20.0,20,20,20,20,20,15,20,15,20,20,50,50,50,50,50.0,50,50,100,50.0,50.0,100.0,100.0,40.0,44.0,58.0,A-
20.0,20.0,20,20.0,20,20,20,20,20,20.0,20,20,20,20,20,20,20,20,20,20,50,50,50,50,50.0,50,50,100,50.0,50.0,100.0,100.0,40.0,44.0,60.0,A-
20.0,20.0,20,20.0,20,20,20,20,20,20.0,20,20,20,20,0,20,20,20,20,20,50,50,50,50,50.0,50,50,100,50.0,50.0,98.55,0.0,31.0,25.0,40.0,D-
20.0,20.0,20,20.0,20,20,20,20,20,20.0,20,20,20,20,20,20,0,20,20,20,50,50,50,50,50.0,50,50,100,50.0,50.0,100.0,100.0,30.5,33.0,47.0,C-
20.0,20.0,20,20.0,20,20,20,20,20,20.0,20,20,20,20,20,20,20,20,20,20,35,50,50,50,50.0,50,50,100,50.0,50.0,100.0,100.0,37.0,42.0,52.0,B-
20.0,20.0,20,20.0,20,20,20,20,20,20.0,20,20,20,20,20,20,20,20,20,20,50,50,50,50,50.0,50,50,100,50.0,50.0,99.9,100.0,38.0,44.0,48.0,C
20.0,20.0,20,20.0,20,20,20,20,20,20.0,20,20,20,20,20,20,20,20,20,0,50,50,50,50,50.0,50,34,100,50.0,50.0,100.0,75.0,40.0,45.0,52.0,B-
20.0,20.0,20,20.0,20,20,20,0,20,20.0,20,20,20,20,0,20,20,20,20,20,50,50,50,50,50.0,50,50,100,50.0,50.0,100.0,100.0,35.0,43.0,55.5,B
20.0,0.0,20,20.0,20,20,20,20,20,20.0,20,20,20,20,20,20,20,20,20,20,35,50,0,50,50.0,50,50,100,50.0,50.0,100.0,0.0,33.0,38.0,43.0,D+
0.0,20.0,20,20.0,20,20,20,20,20,20.0,20,20,20,20,20,0,20,20,20,20,50,50,50,50,50.0,50,50,100,50.0,50.0,100.0,65.0,37.0,43.0,46.0,C-
20.0,20.0,20,20.0,20,20,20,20,20,20.0,20,20,20,20,20,20,20,20,20,20,50,50,50,50,50.0,50,50,100,50.0,50.0,100.0,100.0,39.0,45.0,51.0,C+
20.0,20.0,15,8.52,20,20,20,20,20,5.0,20,20,20,20,20,20,20,20,20,20,50,50,50,50,50.0,50,50,100,50.0,50.0,100.0,75.0,39.0,45.0,55.0,B
20.0,10.0,0,20.0,20,20,20,20,20,20.0,20,20,20,20,20,20,20,20,20,20,0,0,50,50,47.73,20,0,100,27.5,35.0,41.46,0.0,28.0,32.0,40.0,D-
20.0,20.0,20,20.0,20,20,20,20,20,20.0,20,20,20,20,20,20,20,20,20,20,50,50,50,50,50.0,50,50,100,50.0,50.0,100.0,100.0,39.0,35.0,52.0,B-
20.0,20.0,20,20.0,20,20,20,20,20,20.0,20,20,20,20,16,20,20,20,20,20,0,50,50,50,50.0,10,50,100,50.0,50.0,66.79,0.0,35.0,43.0,54.0,B
20.0,20.0,20,20.0,20,20,20,20,20,20.0,20,20,20,20,20,20,20,20,20,20,0,50,50,50,50.0,50,50,90,50.0,50.0,100.0,0.0,31.5,44.0,51.0,C+
20.0,20.0,0,20.0,20,20,20,20,0,20.0,20,0,0,20,0,0,20,20,0,20,50,0,0,0,0.0,0,0,100,50.0,50.0,100.0,100.0,28.5,36.0,46.5,C-
20.0,20.0,20,20.0,20,20,20,20,20,20.0,20,20,20,20,20,20,20,20,20,20,50,50,50,50,50.0,50,50,100,50.0,50.0,100.0,100.0,39.0,45.0,52.0,B-
20.0,20.0,20,20.0,20,20,20,20,20,20.0,20,0,0,20,20,20,20,20,20,20,50,50,50,50,50.0,50,50,100,50.0,50.0,100.0,25.0,38.0,43.0,49.0,C
20.0,20.0,20,20.0,20,20,20,20,20,20.0,20,20,20,20,20,20,20,20,20,20,50,50,50,50,50.0,50,50,100,50.0,50.0,100.0,40.0,40.0,45.0,57.0,B+
20.0,20.0,20,20.0,20,20,20,20,20,18.0,20,20,20,20,20,20,20,20,20,0,50,50,44,50,50.0,50,50,100,50.0,50.0,100.0,100.0,38.0,44.0,56.0,B+
20.0,20.0,20,20.0,20,20,20,20,20,20.0,20,20,20,20,20,20,20,20,20,20,50,50,50,50,50.0,50,50,100,50.0,50.0,100.0,75.0,34.0,38.0,58.0,A-
20.0,20.0,20,20.0,20,20,20,20,20,0.0,20,0,0,0,0,20,0,0,0,0,50,50,50,50,0.0,50,0,100,50.0,50.0,100.0,0.0,40.0,44.0,62.0,A
20.0,20.0,20,20.0,20,20,20,20,20,0.0,20,0,20,20,20,20,20,20,20,20,0,50,0,0,0.0,0,40,35,0.0,0.0,0.0,15.0,32.5,22.0,47.0,C-
20.0,20.0,20,20.0,20,20,20,0,20,20.0,20,20,20,20,20,20,20,20,20,20,50,50,50,50,50.0,50,0,100,50.0,50.0,100.0,100.0,36.5,42.0,52.0,B-
20.0,20.0,20,20.0,20,20,20,20,20,18.0,20,20,20,20,20,20,20,20,20,20,50,50,50,50,50.0,50,50,100,50.0,50.0,100.0,100.0,40.0,45.0,56.0,B+
20.0,20.0,20,20.0,20,20,20,20,20,20.0,20,20,0,20,20,20,20,20,20,0,20,20,50,50,50.0,50,50,100,50.0,50.0,100.0,100.0,26.5,40.0,46.0,C-
20.0,20.0,20,20.0,20,20,20,20,20,20.0,20,20,20,20,20,20,20,20,20,20,50,50,50,50,50.0,50,50,100,50.0,50.0,100.0,25.0,40.0,45.0,61.0,A
20.0,20.0,20,20.0,20,20,20,20,20,20.0,20,20,20,20,20,20,20,20,20,20,50,50,50,50,50.0,50,50,100,50.0,50.0,100.0,100.0,38.0,45.0,61.0,A
20.0,20.0,20,20.0,20,20,20,20,20,20.0,20,20,20,20,20,20,20,20,20,20,50,50,50,50,50.0,50,50,100,50.0,50.0,100.0,65.0,36.0,43.0,56.0,B+
20.0,20.0,0,20.0,0,20,20,20,20,20.0,0,20,20,20,20,20,20,20,20,20,0,0,0,0,0.0,50,0,0,0.0,0.0,0.0,0.0,30.5,27.0,0.0,E
20.0,20.0,20,20.0,20,20,20,20,20,20.0,20,20,20,20,20,20,20,20,20,20,50,50,50,50,50.0,50,50,100,50.0,50.0,100.0,100.0,35.0,37.0,47.0,C-
0.0,20.0,20,20.0,20,20,20,20,20,20.0,20,0,0,20,0,20,20,20,20,20,50,50,50,39,50.0,10,50,60,50.0,27.5,50.99,25.0,36.5,43.0,53.0,B-
20.0,20.0,20,20.0,20,20,20,20,20,20.0,20,20,20,20,20,20,20,20,20,20,50,50,50,50,50.0,50,50,100,50.0,50.0,100.0,100.0,36.0,44.0,58.0,A-
20.0,20.0,20,20.0,20,20,20,20,20,20.0,20,20,20,20,20,20,20,20,20,20,25,50,40,50,50.0,50,50,100,50.0,50.0,100.0,75.0,35.5,45.0,48.0,C
20.0,20.0,20,20.0,20,20,20,20,0,20.0,20,20,20,20,20,20,20,20,0,0,50,50,50,50,50.0,50,50,100,50.0,50.0,100.0,100.0,39.0,43.0,57.0,B+
20.0,20.0,20,20.0,20,20,20,20,20,20.0,20,20,20,20,20,20,20,20,20,20,50,50,50,50,50.0,50,50,100,50.0,50.0,100.0,100.0,37.0,45.0,58.0,A-
20.0,20.0,20,20.0,20,20,20,20,20,20.0,20,20,20,20,20,20,20,20,20,20,50,50,50,50,50.0,50,50,100,50.0,50.0,100.0,100.0,40.0,45.0,62.0,A
17.5,20.0,20,0.0,20,20,20,0,20,20.0,20,20,20,20,20,20,20,20,0,0,50,50,50,50,50.0,50,50,100,50.0,50.0,100.0,100.0,35.0,44.0,54.0,B
20.0,20.0,20,20.0,20,20,20,20,20,20.0,20,0,20,20,20,0,20,20,20,0,50,50,50,50,50.0,50,50,100,50.0,50.0,100.0,100.0,34.5,43.0,48.0,C
20.0,20.0,20,20.0,20,20,20,20,20,20.0,20,20,20,20,20,20,20,20,20,20,50,50,50,50,50.0,50,50,100,50.0,50.0,100.0,50.0,38.0,44.0,51.5,B-
20.0,20.0,20,20.0,20,20,20,20,20,20.0,20,20,20,20,20,20,20,0,20,20,50,50,50,50,47.73,50,0,100,50.0,50.0,100.0,0.0,36.5,45.0,51.0,C+
20.0,20.0,20,20.0,20,20,20,20,20,20.0,20,20,20,20,20,20,20,20,20,20,50,50,50,50,50.0,50,50,100,50.0,50.0,100.0,100.0,40.0,45.0,62.0,A
20.0,20.0,20,20.0,20,20,20,20,20,20.0,20,20,20,20,20,20,20,0,20,20,50,50,50,50,50.0,50,50,100,50.0,50.0,100.0,100.0,37.0,45.0,50.0,C+
0.0,20.0,20,20.0,0,20,20,20,20,20.0,20,20,20,0,20,20,20,20,20,20,50,50,50,50,50.0,50,50,0,50.0,50.0,100.0,100.0,32.0,41.0,49.0,C
20.0,20.0,20,20.0,20,20,20,20,20,20.0,20,20,20,20,20,20,20,20,20,20,50,50,50,50,15.34,50,50,100,50.0,50.0,100.0,25.0,33.5,45.0,54.0,B
20.0,20.0,20,20.0,20,20,20,20,20,20.0,20,20,20,0,20,20,20,20,20,20,50,50,50,50,50.0,50,0,100,50.0,50.0,100.0,50.0,40.0,45.0,56.5,B+
20.0,20.0,20,20.0,20,20,20,20,20,20.0,20,20,20,20,20,20,20,20,20,20,50,0,50,50,50.0,50,50,100,50.0,50.0,100.0,75.0,25.0,32.0,27.0,E
20.0,20.0,20,20.0,20,20,20,20,20,20.0,20,20,20,20,20,20,20,20,20,20,50,50,50,50,50.0,50,50,100,50.0,50.0,100.0,100.0,30.5,37.0,53.0,B-
20.0,20.0,20,20.0,20,20,20,20,20,14.5,0,20,20,20,20,20,20,20,0,20,50,50,50,50,50.0,50,50,100,50.0,50.0,100.0,50.0,33.0,38.0,51.0,C+
20.0,20.0,20,20.0,20,20,20,20,20,20.0,20,20,20,20,20,20,20,20,20,20,50,50,50,50,50.0,50,50,100,50.0,50.0,94.67,100.0,34.5,41.0,54.0,B
20.0,20.0,20,20.0,20,0,20,20,20,0.0,20,20,20,20,0,20,20,20,20,20,50,50,50,50,50.0,50,50,100,50.0,50.0,100.0,100.0,25.5,45.0,52.0,B-
20.0,20.0,20,20.0,20,20,20,20,20,20.0,20,20,20,20,20,20,20,20,20,20,50,50,50,50,50.0,50,50,100,50.0,50.0,100.0,100.0,37.5,45.0,60.0,A-
20.0,20.0,20,20.0,20,20,20,20,20,20.0,20,20,20,20,20,20,20,20,20,20,50,50,50,50,50.0,50,50,100,50.0,50.0,100.0,100.0,39.0,45.0,58.0,A-
20.0,20.0,20,18.83,17,0,20,20,8,0.0,10,20,20,20,20,20,20,0,20,0,30,50,50,50,47.73,50,50,100,50.0,50.0,99.99,25.0,25.5,41.0,44.0,D+
20.0,0.0,20,8.38,20,20,20,20,20,20.0,20,20,20,20,20,20,20,20,20,20,35,50,50,50,50.0,50,50,100,50.0,50.0,100.0,100.0,39.0,43.0,62.0,A
20.0,20.0,0,13.87,20,20,20,0,20,20.0,0,20,0,20,0,0,0,0,0,0,50,0,0,0,0.0,0,0,100,0.0,0.0,0.0,0.0,0.0,0.0,0.0,E
20.0,20.0,20,20.0,20,20,20,20,20,20.0,20,20,20,20,20,20,20,20,20,20,50,50,50,50,50.0,50,50,100,50.0,50.0,100.0,100.0,39.0,44.0,56.0,B+
0.0,20.0,20,20.0,20,20,20,20,20,20.0,20,20,20,20,20,20,20,20,20,20,50,50,50,50,50.0,50,50,100,50.0,50.0,100.0,100.0,31.5,39.0,53.0,B-
0.0,0.0,0,0.0,0,0,0,0,0,0.0,0,0,0,0,0,0,0,0,0,0,0,0,0,0,0.0,0,0,0,0.0,0.0,0.0,0.0,0.0,0.0,0.0,E
20.0,20.0,20,20.0,20,20,20,20,20,20.0,20,20,20,20,20,20,20,20,20,20,50,50,50,50,50.0,50,50,100,50.0,50.0,100.0,100.0,34.0,43.0,55.5,B
20.0,20.0,20,20.0,20,20,20,20,20,20.0,20,20,20,20,20,20,20,20,20,20,50,50,50,50,50.0,50,50,100,50.0,50.0,100.0,75.0,40.0,45.0,53.0,B-
20.0,20.0,20,20.0,20,4,20,20,20,20.0,20,20,20,20,20,20,20,20,20,20,50,50,50,50,50.0,50,50,100,50.0,50.0,100.0,100.0,36.0,42.0,45.0,C-
20.0,20.0,20,20.0,0,20,20,20,20,20.0,20,20,20,20,20,20,20,20,20,20,50,50,50,50,50.0,50,50,100,50.0,50.0,100.0,100.0,37.0,45.0,50.5,C+
0.0,20.0,20,20.0,0,0,0,20,20,20.0,20,20,20,20,20,20,20,20,20,20,50,50,50,50,26.97,50,50,100,50.0,50.0,100.0,75.0,37.0,45.0,47.0,C-
20.0,15.0,20,20.0,20,10,20,20,20,20.0,20,20,20,20,20,20,20,20,20,20,50,50,50,50,50.0,50,50,100,50.0,50.0,100.0,100.0,40.0,40.0,59.0,A-
20.0,0.0,20,20.0,20,0,0,20,20,16.5,20,20,0,0,0,20,0,0,20,0,0,50,50,50,0.0,0,50,100,50.0,50.0,0.0,15.0,30.5,24.0,43.0,D+
20.0,20.0,20,20.0,20,20,20,20,20,20.0,20,20,20,20,20,20,20,20,20,20,50,50,50,50,50.0,50,50,100,50.0,50.0,100.0,100.0,38.0,44.0,58.0,A-
20.0,20.0,20,20.0,20,20,20,20,20,20.0,20,20,20,20,20,20,20,20,20,20,50,50,50,50,26.96,50,50,100,50.0,50.0,100.0,100.0,28.0,44.0,50.0,C+
20.0,20.0,20,20.0,20,20,20,20,20,20.0,20,20,20,20,20,20,20,20,20,20,50,50,50,50,50.0,50,50,100,50.0,50.0,100.0,100.0,40.0,45.0,57.0,B+
0.0,0.0,0,0.0,0,0,0,0,0,0.0,0,0,0,0,0,0,0,0,0,0,0,0,0,0,0.0,0,0,0,0.0,0.0,0.0,0.0,37.0,0.0,46.5,C-
20.0,20.0,20,19.89,20,0,20,20,20,20.0,20,20,20,20,20,20,9,0,20,20,45,50,50,50,50.0,50,40,100,50.0,50.0,100.0,25.0,30.0,42.0,59.0,A-
20.0,20.0,20,20.0,20,20,0,0,20,20.0,20,20,20,20,20,20,20,20,20,20,50,50,0,25,50.0,50,50,100,50.0,50.0,100.0,15.0,29.0,44.0,45.0,C-
20.0,20.0,20,20.0,20,20,20,0,20,20.0,20,20,20,20,0,20,20,20,20,20,0,50,50,50,50.0,50,50,100,42.5,35.0,100.0,0.0,33.0,37.0,47.0,C-
20.0,20.0,20,20.0,20,20,20,20,20,20.0,20,20,20,20,20,20,20,20,20,20,0,50,50,50,50.0,50,50,100,50.0,50.0,100.0,100.0,23.5,36.0,40.5,D-
20.0,20.0,20,20.0,20,20,20,20,20,20.0,20,20,20,20,20,20,20,20,20,20,50,40,50,50,50.0,50,50,100,50.0,50.0,76.62,100.0,36.0,39.0,59.0,A-
20.0,20.0,20,20.0,20,20,20,20,20,20.0,20,20,20,20,20,20,20,20,20,20,50,50,50,50,50.0,50,50,100,50.0,50.0,100.0,25.0,34.5,44.0,52.0,B-
20.0,20.0,20,20.0,20,20,20,20,20,20.0,20,20,20,20,20,20,20,20,20,20,50,50,50,50,50.0,50,50,100,50.0,50.0,100.0,100.0,34.5,44.0,53.0,B-
20.0,20.0,20,20.0,20,20,20,20,20,20.0,20,20,20,20,20,20,20,20,20,20,50,50,50,50,50.0,50,50,100,50.0,50.0,100.0,100.0,34.0,43.0,57.0,B+
20.0,20.0,20,20.0,20,20,20,20,20,20.0,20,20,20,20,20,20,0,0,20,20,0,50,50,50,50.0,50,50,100,50.0,50.0,100.0,40.0,26.5,42.0,49.0,C
20.0,20.0,20,20.0,20,20,20,20,20,20.0,20,20,20,20,20,20,20,20,20,20,50,0,50,50,0.0,50,50,100,50.0,50.0,100.0,100.0,37.0,43.0,52.0,B-
10.0,20.0,20,20.0,20,20,20,20,20,20.0,20,20,20,20,20,20,20,20,20,20,50,50,50,50,50.0,50,50,100,50.0,50.0,100.0,100.0,32.0,42.0,43.0,D+
20.0,20.0,20,20.0,20,20,20,20,20,20.0,20,20,20,20,20,20,20,20,20,20,50,50,50,50,50.0,50,50,100,50.0,50.0,100.0,100.0,38.0,45.0,59.0,A-
20.0,20.0,20,20.0,20,20,20,20,20,10.0,20,20,20,20,20,20,20,20,20,0,50,50,32,50,50.0,50,50,95,50.0,50.0,100.0,100.0,30.5,44.0,53.0,B-
20.0,20.0,20,20.0,20,20,20,20,20,20.0,20,20,20,20,20,20,20,20,20,20,35,50,50,50,50.0,50,50,100,50.0,50.0,100.0,15.0,40.0,45.0,59.0,A-
20.0,20.0,0,0.0,0,20,20,0,20,0.0,0,20,0,20,20,20,20,20,20,20,0,50,0,0,0.0,0,0,100,50.0,50.0,0.0,0.0,28.5,14.0,48.0,C
20.0,20.0,20,20.0,20,20,20,20,20,20.0,20,20,20,20,20,20,20,20,20,20,50,50,50,50,50.0,50,50,100,50.0,50.0,100.0,100.0,37.0,44.0,58.0,A-
20.0,20.0,0,20.0,20,20,20,20,20,20.0,20,20,20,20,20,20,20,0,20,20,35,50,50,50,50.0,50,50,100,50.0,50.0,100.0,100.0,18.5,19.0,32.0,E
20.0,15.0,20,7.02,20,20,20,20,20,20.0,0,20,20,20,20,20,20,0,0,20,50,50,40,50,50.0,0,50,100,50.0,50.0,100.0,15.0,35.0,33.0,51.0,C+
20.0,20.0,20,20.0,20,20,20,20,20,20.0,20,0,20,20,20,20,20,20,20,20,50,50,50,50,50.0,50,50,100,50.0,50.0,100.0,100.0,37.0,45.0,57.0,B+
20.0,20.0,20,20.0,20,0,20,20,20,20.0,20,20,20,0,0,20,20,20,20,20,50,50,50,50,50.0,50,50,100,50.0,50.0,100.0,25.0,38.0,41.0,51.0,C+
20.0,20.0,20,20.0,20,20,20,20,20,20.0,20,20,20,20,20,20,20,20,20,20,50,50,50,50,50.0,50,50,100,50.0,50.0,100.0,100.0,35.0,45.0,55.0,B
0.0,20.0,20,20.0,20,20,20,20,20,20.0,20,20,20,20,20,20,20,20,20,20,50,50,50,50,50.0,50,50,100,50.0,50.0,100.0,100.0,40.0,44.0,57.0,B+
20.0,20.0,20,20.0,20,20,20,20,20,20.0,20,20,20,20,20,20,20,20,20,20,50,50,50,50,50.0,50,50,100,50.0,50.0,100.0,100.0,40.0,45.0,61.0,A
20.0,20.0,20,20.0,20,20,20,20,20,10.5,20,0,0,20,20,20,20,20,0,20,50,50,50,50,50.0,50,50,95,50.0,50.0,100.0,100.0,35.0,43.0,53.0,B-
20.0,20.0,20,20.0,20,20,20,20,20,20.0,20,20,20,20,20,20,20,20,20,20,50,50,50,50,50.0,50,50,95,50.0,50.0,100.0,25.0,40.0,43.0,54.0,B
20.0,20.0,20,20.0,20,20,20,20,20,20.0,20,20,20,20,20,20,20,20,20,20,50,50,50,50,50.0,50,50,100,50.0,50.0,100.0,100.0,28.0,34.0,47.0,C-
20.0,20.0,20,20.0,20,20,20,20,20,20.0,20,20,20,20,20,20,20,20,20,20,50,50,50,50,50.0,50,50,100,50.0,50.0,100.0,75.0,32.0,39.0,48.0,C
20.0,20.0,20,20.0,20,20,20,20,20,20.0,20,20,20,20,20,20,20,20,20,20,50,50,50,50,50.0,50,50,100,50.0,50.0,100.0,100.0,40.0,45.0,57.0,B+
20.0,20.0,20,20.0,20,20,20,20,20,20.0,20,20,20,20,20,20,20,20,20,20,50,50,50,50,50.0,50,50,100,50.0,50.0,100.0,100.0,38.5,44.0,59.0,A-
20.0,20.0,20,20.0,20,20,20,0,20,20.0,20,20,20,20,0,20,20,20,20,20,50,50,50,50,50.0,50,50,100,50.0,50.0,100.0,100.0,37.0,40.0,59.0,A-
20.0,20.0,20,18.14,20,20,20,20,20,20.0,20,20,20,20,20,20,20,20,20,20,50,50,50,50,50.0,50,50,100,50.0,50.0,100.0,100.0,38.0,41.0,59.0,A-
20.0,20.0,20,20.0,20,20,20,20,20,0.0,20,20,20,20,20,20,20,20,20,20,50,50,50,50,50.0,50,50,100,50.0,50.0,100.0,100.0,40.0,44.0,59.0,A-
20.0,20.0,0,20.0,20,20,20,20,0,20.0,20,20,20,20,20,20,20,20,20,20,50,50,50,0,50.0,50,50,100,50.0,50.0,100.0,100.0,40.0,45.0,54.0,B
20.0,20.0,20,20.0,20,20,20,20,20,20.0,20,20,20,20,20,20,20,20,20,20,50,50,50,50,50.0,50,50,100,50.0,50.0,100.0,75.0,39.0,44.0,61.0,A
20.0,20.0,20,20.0,20,20,20,20,20,20.0,20,20,20,20,20,20,20,20,20,20,50,50,50,50,50.0,50,50,95,50.0,50.0,100.0,100.0,27.5,45.0,49.0,C
20.0,20.0,20,20.0,20,20,20,20,20,20.0,0,20,0,20,0,0,20,20,0,0,35,0,50,50,0.0,0,0,100,50.0,50.0,0.0,50.0,32.0,40.0,49.96,C+
20.0,20.0,20,20.0,20,20,20,20,20,20.0,20,20,20,20,20,20,20,20,20,20,50,50,50,50,50.0,50,50,100,50.0,50.0,100.0,100.0,38.0,44.0,58.0,A-
20.0,20.0,20,20.0,20,20,20,20,20,20.0,20,20,20,20,20,20,20,20,20,20,50,50,50,50,50.0,50,50,100,50.0,41.0,92.49,25.0,35.0,36.0,56.0,B+
20.0,20.0,20,20.0,20,20,20,20,20,20.0,20,20,20,20,20,20,20,20,20,20,50,50,50,50,50.0,50,50,100,50.0,50.0,100.0,100.0,37.0,41.0,50.0,C+
20.0,20.0,20,20.0,20,20,20,20,20,20.0,0,0,20,4,20,20,20,0,20,0,50,50,50,50,50.0,50,50,100,50.0,50.0,100.0,40.0,40.0,44.0,61.0,A
20.0,15.0,20,20.0,20,20,20,20,20,0.0,20,20,20,20,20,20,20,20,20,20,50,50,44,50,50.0,50,50,100,50.0,50.0,98.18,100.0,37.0,43.0,49.5,C+
20.0,20.0,20,20.0,20,20,20,20,20,20.0,20,20,20,20,20,20,20,20,20,20,50,50,50,50,50.0,50,50,100,50.0,50.0,100.0,100.0,34.0,45.0,52.0,B-
2.5,20.0,20,20.0,20,20,20,20,20,20.0,20,20,20,20,20,20,20,20,20,20,50,50,50,50,50.0,50,50,100,50.0,50.0,100.0,100.0,37.0,45.0,49.0,C
20.0,20.0,20,20.0,20,20,20,20,20,20.0,20,20,20,20,20,20,17,20,20,20,50,50,50,50,50.0,50,50,100,50.0,50.0,100.0,75.0,37.0,45.0,61.0,A
20.0,20.0,20,20.0,20,20,20,20,20,20.0,20,20,20,20,20,20,20,20,20,20,50,50,50,50,50.0,50,50,100,50.0,50.0,100.0,100.0,34.5,43.0,49.0,C
20.0,20.0,20,20.0,20,20,20,20,20,20.0,20,20,20,20,20,20,20,20,20,20,50,50,50,50,0.0,0,50,100,50.0,50.0,0.0,100.0,26.0,29.0,42.0,D
20.0,20.0,20,20.0,20,20,20,20,20,20.0,20,20,20,20,20,20,20,20,20,20,50,50,50,50,50.0,50,50,100,50.0,50.0,100.0,40.0,40.0,45.0,49.0,C
20.0,0.0,20,20.0,20,20,20,20,0,0.0,20,0,0,0,0,0,0,0,0,0,0,50,0,0,0.0,0,0,60,0.0,0.0,0.0,0.0,38.0,0.0,0.0,E
20.0,0.0,20,20.0,20,20,20,20,20,20.0,20,20,20,20,20,20,20,20,20,20,50,50,50,50,50.0,50,50,100,50.0,50.0,100.0,75.0,28.0,40.0,47.0,C-
0.0,20.0,0,20.0,20,20,20,20,0,20.0,20,20,20,0,0,0,0,0,0,0,50,50,50,50,50.0,50,50,100,50.0,50.0,100.0,100.0,38.0,44.0,58.0,A-
20.0,20.0,20,20.0,20,20,20,20,20,20.0,20,20,20,20,20,20,20,20,20,20,50,50,50,50,50.0,50,50,100,50.0,50.0,100.0,100.0,38.0,45.0,55.0,B
20.0,20.0,20,20.0,20,20,20,20,20,20.0,20,20,20,20,12,20,20,20,0,20,50,50,44,50,50.0,50,50,100,50.0,50.0,100.0,100.0,36.0,42.0,52.0,B-
0.0,0.0,0,0.0,0,0,0,0,0,0.0,0,0,0,0,0,0,0,0,0,0,0,0,0,0,0.0,0,0,0,0.0,0.0,0.0,0.0,0.0,0.0,0.0,E
20.0,20.0,20,20.0,20,20,20,20,20,20.0,20,20,20,20,20,20,20,20,20,20,50,50,50,50,50.0,50,50,100,50.0,50.0,100.0,100.0,40.0,44.0,62.0,A
20.0,20.0,20,20.0,20,20,20,20,20,20.0,20,20,20,20,20,20,20,20,20,20,50,50,50,50,50.0,50,50,100,50.0,50.0,100.0,100.0,40.0,44.0,63.0,A+
20.0,20.0,20,20.0,20,20,20,20,20,20.0,20,20,20,20,20,20,20,20,20,20,0,50,50,50,50.0,50,50,100,50.0,50.0,100.0,100.0,39.0,32.0,53.0,B-
20.0,20.0,20,20.0,20,20,20,20,20,20.0,20,20,20,20,20,20,20,20,20,20,50,50,50,50,50.0,50,50,100,50.0,50.0,100.0,100.0,33.0,44.0,46.0,C-
20.0,20.0,20,20.0,20,20,20,20,20,20.0,20,0,20,20,0,0,20,0,0,0,50,0,50,50,0.0,0,0,100,50.0,50.0,0.0,0.0,38.5,43.0,54.0,B
20.0,20.0,20,20.0,20,20,20,20,20,20.0,20,20,20,20,20,20,20,20,20,20,50,50,50,50,50.0,50,50,100,50.0,50.0,100.0,90.0,40.0,45.0,56.0,B+
20.0,20.0,20,20.0,0,0,20,20,16,11.0,20,20,0,0,4,20,20,10,20,20,30,50,50,50,50.0,0,34,100,50.0,50.0,99.99,25.0,30.5,29.0,42.5,D
20.0,20.0,20,20.0,20,20,20,20,20,20.0,20,20,20,20,20,20,20,20,20,20,50,50,44,50,0.0,50,50,100,50.0,50.0,100.0,50.0,39.0,44.0,53.0,B-
20.0,20.0,20,20.0,20,20,20,20,20,20.0,20,20,20,20,20,20,20,20,20,20,50,50,50,50,50.0,50,50,100,50.0,50.0,100.0,100.0,36.5,42.0,53.5,B-
20.0,0.0,20,20.0,20,20,20,0,0,0.0,0,20,20,20,8,20,20,15,0,12,50,50,50,50,50.0,50,0,100,50.0,50.0,78.33,0.0,38.0,36.0,48.0,C
20.0,20.0,20,20.0,20,20,20,20,20,20.0,20,20,20,20,20,20,20,20,20,20,50,50,50,50,50.0,50,50,100,50.0,50.0,100.0,100.0,35.0,45.0,57.0,B+
20.0,20.0,20,20.0,20,20,20,20,20,20.0,20,20,20,20,20,20,20,20,20,20,50,50,50,50,50.0,50,50,100,50.0,50.0,100.0,100.0,34.0,45.0,53.0,B-
20.0,20.0,20,20.0,20,20,20,20,20,20.0,20,20,15,20,20,20,20,20,20,20,50,50,50,50,50.0,50,50,100,50.0,50.0,100.0,100.0,39.0,45.0,58.0,A-
20.0,20.0,20,20.0,20,20,20,20,20,20.0,20,20,20,20,20,20,20,20,20,20,30,50,50,50,50.0,50,50,100,50.0,50.0,100.0,75.0,29.0,43.0,48.0,C
20.0,20.0,20,20.0,20,20,20,20,20,20.0,0,0,0,20,20,20,20,20,20,20,50,50,50,50,50.0,50,50,100,50.0,50.0,99.99,100.0,32.5,43.0,53.0,B-
20.0,20.0,20,20.0,20,20,20,20,20,20.0,20,20,20,20,20,20,20,20,20,20,50,50,50,50,50.0,50,50,100,50.0,50.0,100.0,100.0,37.0,45.0,59.5,A-
0.0,0.0,0,20.0,0,20,20,0,0,0.0,0,0,0,0,0,0,0,0,0,0,0,0,0,0,0.0,0,0,100,50.0,50.0,0.0,75.0,35.0,23.0,50.0,C+
20.0,20.0,20,19.89,20,20,20,20,20,20.0,20,20,20,20,20,20,20,20,20,20,50,50,50,50,50.0,50,50,100,50.0,50.0,100.0,100.0,40.0,45.0,62.0,A
20.0,20.0,20,20.0,20,20,20,20,20,20.0,20,20,20,20,20,20,20,20,20,20,50,50,50,50,50.0,50,50,100,50.0,50.0,93.49,75.0,38.0,45.0,56.5,B+
20.0,20.0,20,20.0,20,20,20,0,20,20.0,0,0,20,20,20,20,20,20,20,0,50,50,44,50,50.0,50,50,100,50.0,0.0,100.0,100.0,35.0,40.0,54.0,B
20.0,20.0,20,20.0,20,20,20,20,20,20.0,20,20,20,20,20,20,20,20,20,20,50,50,50,50,50.0,50,50,100,50.0,50.0,100.0,100.0,37.0,44.0,49.0,C
0.0,20.0,20,20.0,20,20,20,20,20,20.0,20,20,20,20,20,20,20,20,20,12,50,50,50,46,50.0,50,50,100,50.0,50.0,99.01,75.0,34.0,44.0,53.0,B-
20.0,20.0,20,20.0,20,20,20,20,20,20.0,20,20,20,20,20,20,20,20,20,20,50,50,50,50,50.0,50,50,100,50.0,50.0,100.0,75.0,37.0,42.0,49.0,C
20.0,20.0,3,20.0,20,20,20,20,0,0.0,0,0,0,0,0,0,0,0,0,0,50,50,0,50,0.0,50,50,100,50.0,50.0,140.0,140.0,36.0,33.0,55.0,B
2.5,20.0,20,20.0,20,20,20,20,20,20.0,0,0,0,20,20,20,20,20,20,20,50,50,50,50,50.0,50,50,100,50.0,50.0,100.0,75.0,35.0,42.0,48.0,C
20.0,20.0,20,20.0,20,20,0,20,20,20.0,20,20,20,20,20,20,20,20,20,20,30,50,50,39,50.0,50,50,80,45.0,50.0,77.5,87.5,39.0,45.0,57.0,B+
20.0,20.0,20,20.0,20,20,20,20,20,20.0,0,20,0,20,20,20,20,20,20,20,50,50,50,50,50.0,50,50,100,50.0,50.0,100.0,100.0,40.0,45.0,51.0,C+
20.0,20.0,20,20.0,20,14,20,20,20,20.0,20,20,20,20,20,20,20,20,20,20,50,50,50,50,50.0,50,50,100,50.0,50.0,100.0,100.0,39.0,44.0,56.0,B+
20.0,20.0,20,20.0,20,20,20,20,20,20.0,20,20,20,20,20,20,20,20,20,20,50,50,50,50,50.0,50,50,100,50.0,50.0,100.0,100.0,40.0,44.0,59.0,A-
20.0,20.0,20,20.0,20,20,20,20,20,20.0,20,20,20,20,20,20,20,20,20,20,50,50,50,50,50.0,50,50,100,50.0,50.0,100.0,100.0,37.0,37.0,52.0,B-
20.0,20.0,20,20.0,20,20,20,20,20,20.0,20,20,20,20,20,20,20,20,20,20,50,50,50,50,50.0,50,50,100,45.0,50.0,100.0,25.0,32.5,42.0,55.0,B
20.0,20.0,20,20.0,20,20,20,20,0,20.0,20,20,20,20,20,20,20,20,20,20,50,50,50,50,50.0,50,50,100,50.0,50.0,100.0,50.0,38.0,44.0,61.0,A
20.0,20.0,20,20.0,20,20,20,20,20,20.0,20,20,20,20,20,20,20,20,20,20,50,0,50,50,50.0,50,50,100,50.0,50.0,100.0,100.0,40.0,45.0,60.0,A-
20.0,20.0,20,20.0,20,20,20,20,20,20.0,20,20,20,20,20,20,20,20,20,20,50,50,50,50,50.0,50,50,100,50.0,50.0,100.0,100.0,39.0,45.0,60.0,A-
20.0,20.0,20,20.0,20,20,20,0,20,20.0,20,20,20,20,20,20,20,20,20,20,50,50,50,50,50.0,50,50,100,50.0,50.0,100.0,25.0,37.0,41.0,55.0,B
20.0,20.0,20,20.0,20,20,20,20,20,20.0,20,20,20,20,20,20,20,20,20,20,50,50,50,50,50.0,50,50,100,50.0,50.0,100.0,100.0,39.0,45.0,60.0,A-
20.0,20.0,20,20.0,20,20,20,20,20,0.0,20,20,20,20,20,20,20,20,20,20,50,50,50,50,50.0,50,50,100,50.0,50.0,100.0,100.0,38.0,42.0,52.0,B-
20.0,20.0,20,20.0,20,20,20,20,20,20.0,20,20,20,20,20,20,20,20,20,20,50,50,50,50,50.0,50,50,100,50.0,50.0,100.0,100.0,40.0,43.0,58.0,A-
20.0,20.0,20,20.0,20,20,20,20,20,20.0,20,20,20,20,20,20,20,20,20,20,50,50,50,50,50.0,50,50,100,50.0,50.0,100.0,100.0,40.0,42.0,56.0,B+
20.0,0.0,20,19.91,7,0,20,20,0,20.0,20,20,20,14,12,0,0,0,0,0,0,50,50,50,50.0,0,0,100,50.0,50.0,0.0,0.0,40.0,43.0,55.0,B
0.0,20.0,0,20.0,20,20,20,20,20,20.0,20,20,20,20,20,20,20,20,20,20,50,50,50,50,50.0,50,50,100,50.0,50.0,100.0,100.0,36.0,42.0,51.0,C+
20.0,20.0,20,20.0,20,20,20,20,20,20.0,20,20,20,20,20,20,20,20,20,20,50,50,50,50,50.0,50,50,100,50.0,50.0,100.0,100.0,40.0,45.0,56.0,B+
20.0,20.0,20,20.0,20,20,20,20,20,20.0,20,20,20,20,20,20,20,20,20,20,50,50,50,50,50.0,50,50,100,50.0,50.0,100.0,100.0,36.5,45.0,42.0,D
20.0,20.0,20,20.0,20,20,20,20,20,20.0,20,20,20,20,20,20,20,20,20,20,50,50,50,50,50.0,50,50,100,50.0,50.0,99.93,75.0,40.0,45.0,47.0,C-
20.0,20.0,20,20.0,20,20,20,20,20,20.0,20,20,20,20,20,20,20,20,20,20,50,50,50,50,50.0,50,50,100,50.0,50.0,100.0,100.0,37.5,44.0,56.0,B+
20.0,20.0,20,20.0,20,20,20,20,20,20.0,20,20,0,20,20,20,20,20,20,20,50,50,50,50,50.0,50,50,100,50.0,50.0,100.0,100.0,40.0,45.0,61.0,A
20.0,20.0,20,20.0,20,20,20,20,20,20.0,20,20,20,20,20,20,20,20,20,20,50,50,50,50,50.0,50,50,100,50.0,50.0,100.0,100.0,39.0,44.0,56.5,B+
0.0,20.0,20,20.0,20,20,20,20,20,20.0,20,20,20,20,20,20,20,20,20,20,50,50,50,50,49.75,50,50,100,50.0,50.0,100.0,100.0,35.0,44.0,45.0,C-
20.0,20.0,20,20.0,20,20,20,20,20,20.0,20,20,20,20,20,20,20,20,20,20,50,50,50,50,26.96,50,50,100,50.0,50.0,100.0,25.0,36.0,45.0,59.0,A-
20.0,20.0,20,20.0,20,20,20,20,20,20.0,20,20,20,20,20,20,20,20,20,20,50,50,50,50,50.0,50,50,80,50.0,50.0,100.0,100.0,40.0,42.0,59.0,A-
20.0,20.0,20,20.0,20,20,20,20,20,20.0,20,20,20,20,20,20,20,20,20,20,50,50,50,50,50.0,50,50,100,50.0,50.0,100.0,75.0,36.0,42.0,53.0,B-
20.0,20.0,20,0.0,20,20,20,20,20,20.0,20,20,20,20,20,20,20,20,20,20,50,50,50,50,50.0,50,50,100,50.0,50.0,100.0,100.0,40.0,45.0,60.0,A-
20.0,20.0,20,20.0,20,20,20,20,20,20.0,20,20,20,20,20,20,20,20,20,20,50,50,50,50,50.0,50,50,100,50.0,50.0,100.0,100.0,40.0,45.0,58.0,A-
0.0,20.0,20,20.0,20,20,20,20,20,20.0,20,20,20,20,20,20,20,20,0,0,50,50,50,50,50.0,50,50,100,50.0,50.0,100.0,75.0,37.5,44.0,62.0,A
20.0,20.0,20,20.0,20,20,20,20,20,20.0,20,20,20,20,20,20,20,20,20,20,50,50,50,50,50.0,50,50,100,50.0,50.0,100.0,100.0,40.0,45.0,57.0,B+
0.0,20.0,20,20.0,20,20,20,20,20,20.0,20,20,20,20,20,20,20,20,20,20,50,0,50,32,50.0,50,0,100,50.0,26.5,75.0,0.0,36.5,45.0,48.0,C
20.0,20.0,20,20.0,20,20,20,20,20,20.0,20,20,5,20,20,20,20,20,20,0,50,50,50,50,50.0,50,50,100,50.0,50.0,100.0,75.0,37.0,45.0,56.0,B+
20.0,20.0,20,20.0,20,20,20,20,20,20.0,20,20,20,20,20,20,20,20,20,20,50,50,50,50,50.0,50,50,100,50.0,50.0,100.0,100.0,40.0,44.0,55.0,B
20.0,20.0,20,0.0,20,20,20,20,20,16.0,20,20,20,20,20,20,20,20,20,20,50,50,50,50,50.0,50,50,100,50.0,50.0,100.0,100.0,34.5,42.0,58.0,A-
20.0,20.0,20,20.0,20,20,20,20,20,20.0,20,20,20,20,20,20,20,20,20,20,50,50,50,50,50.0,50,50,100,50.0,50.0,100.0,15.0,40.0,45.0,54.0,B
20.0,20.0,20,20.0,20,20,20,20,20,20.0,20,20,20,20,20,20,20,20,20,20,30,50,50,50,35.05,50,50,100,50.0,50.0,100.0,25.0,35.0,45.0,56.0,B+
0.0,0.0,0,0.0,0,0,0,0,0,0.0,0,0,0,0,0,0,0,0,0,0,50,0,0,0,0.0,0,0,100,50.0,50.0,100.0,75.0,0.0,0.0,0.0,E
10.0,0.0,0,20.0,20,20,20,20,20,20.0,20,20,20,20,20,20,20,20,20,20,50,50,50,50,50.0,50,50,100,50.0,50.0,100.0,100.0,34.5,42.0,45.0,C-
10.0,20.0,20,20.0,20,4,20,20,20,20.0,20,20,10,4,20,20,20,20,0,20,50,50,50,50,50.0,50,50,100,50.0,50.0,100.0,100.0,40.0,45.0,59.0,A-
20.0,20.0,20,20.0,20,20,20,20,20,20.0,20,20,20,20,20,20,20,20,20,20,50,50,50,50,50.0,0,50,100,50.0,50.0,100.0,100.0,36.0,42.0,49.5,C+
20.0,20.0,20,20.0,20,20,20,20,20,20.0,20,20,20,20,20,20,20,20,20,20,50,50,50,33,50.0,50,50,80,50.0,50.0,100.0,15.0,30.5,34.0,46.0,C-
2.5,20.0,20,20.0,20,20,20,20,20,20.0,20,20,20,20,20,20,20,20,20,20,50,50,50,50,50.0,50,50,100,50.0,50.0,100.0,50.0,38.0,44.0,53.0,B-
20.0,20.0,20,20.0,20,20,20,20,20,20.0,20,20,20,20,20,20,20,20,20,20,50,50,50,50,50.0,50,50,100,50.0,50.0,100.0,100.0,40.0,44.0,58.0,A-
20.0,20.0,20,20.0,20,20,20,20,20,20.0,20,20,20,20,20,20,20,20,20,20,45,50,50,50,0.09,50,50,100,50.0,50.0,100.0,100.0,33.0,43.0,48.0,C
20.0,20.0,20,20.0,20,10,20,20,20,20.0,20,20,20,20,20,20,20,20,20,20,50,50,50,50,50.0,50,50,100,50.0,50.0,100.0,100.0,38.0,44.0,55.0,B
0.0,20.0,20,20.0,20,20,20,20,20,20.0,20,20,20,20,20,20,20,20,20,0,50,50,50,50,50.0,50,50,100,50.0,50.0,100.0,100.0,40.0,45.0,60.0,A-
20.0,20.0,20,20.0,20,20,20,20,20,20.0,20,20,20,20,20,0,20,10,20,20,50,50,50,50,50.0,50,50,100,50.0,50.0,100.0,100.0,37.0,41.0,55.5,B
0.0,0.0,0,0.0,0,0,0,0,0,0.0,0,0,0,0,0,0,0,0,0,0,0,0,0,0,0.0,0,0,100,50.0,50.0,100.0,0.0,40.0,39.0,0.0,E
20.0,0.0,20,20.0,20,0,20,20,20,20.0,20,20,0,0,0,0,0,0,0,0,50,50,50,50,0.0,0,0,100,50.0,50.0,0.0,0.0,30.0,0.0,0.0,E
20.0,20.0,20,20.0,20,20,0,20,20,20.0,20,20,20,20,20,20,20,20,20,20,50,50,50,39,50.0,0,50,100,50.0,50.0,98.55,0.0,29.0,43.0,44.0,D+
20.0,20.0,20,20.0,20,20,20,20,20,20.0,20,20,20,20,20,20,20,20,20,20,50,50,50,50,50.0,50,50,100,50.0,50.0,100.0,25.0,35.0,45.0,47.0,C-
20.0,20.0,20,20.0,20,20,20,20,20,20.0,20,20,20,20,20,20,20,20,20,20,50,50,50,50,50.0,50,50,100,50.0,50.0,100.0,100.0,37.0,45.0,54.0,B
0.0,20.0,20,20.0,20,20,20,20,20,20.0,20,20,20,20,20,20,20,20,20,20,50,50,50,50,50.0,50,50,100,50.0,50.0,100.0,100.0,39.0,45.0,57.0,B+
20.0,20.0,20,20.0,20,20,20,20,20,20.0,20,20,20,20,20,20,20,20,20,20,50,50,50,50,50.0,50,50,100,50.0,50.0,100.0,100.0,30.0,45.0,43.0,D+
0.0,20.0,20,20.0,20,20,20,0,20,0.0,20,20,0,0,20,20,20,20,20,20,0,0,0,0,0.0,50,34,50,0.0,0.0,43.76,15.0,28.5,42.0,49.0,C
20.0,20.0,20,20.0,20,0,20,20,20,20.0,20,20,20,20,20,20,0,20,20,20,0,50,50,50,50.0,50,50,100,50.0,50.0,100.0,100.0,30.5,27.0,45.5,C-
20.0,20.0,20,20.0,20,20,20,20,20,20.0,20,20,20,20,20,20,20,20,20,20,50,50,50,50,50.0,50,50,100,50.0,50.0,100.0,100.0,37.0,42.0,49.0,C
20.0,20.0,20,20.0,20,20,20,20,20,20.0,20,20,20,20,20,20,20,20,0,20,50,50,50,50,50.0,50,50,100,50.0,50.0,100.0,100.0,34.0,34.0,46.5,C-
20.0,20.0,20,20.0,20,20,20,20,20,20.0,20,20,20,8,8,20,20,20,20,20,50,50,47,50,50.0,50,50,100,50.0,50.0,100.0,25.0,36.5,43.0,52.0,B-
20.0,0.0,0,20.0,20,20,20,20,20,20.0,20,20,20,20,20,20,20,20,20,0,50,50,50,50,50.0,50,50,100,50.0,50.0,100.0,25.0,34.0,39.0,39.5,D-
20.0,20.0,20,20.0,20,20,20,20,20,20.0,20,20,20,20,20,20,20,20,20,0,35,50,50,50,47.48,50,50,100,50.0,50.0,19.15,15.0,34.5,42.0,48.0,C
20.0,20.0,20,20.0,20,20,20,20,20,20.0,20,20,20,20,20,20,20,20,20,20,50,50,50,50,50.0,50,50,100,50.0,50.0,100.0,100.0,40.0,45.0,60.0,A-
20.0,20.0,20,20.0,20,20,20,20,20,20.0,20,20,20,20,20,20,20,20,20,20,50,50,50,50,50.0,50,50,100,50.0,50.0,100.0,100.0,40.0,43.0,60.0,A-
20.0,20.0,20,20.0,20,20,20,20,20,20.0,20,20,20,20,20,20,20,20,20,0,50,50,50,50,50.0,50,50,100,50.0,50.0,100.0,65.0,32.5,44.0,53.0,B-
20.0,20.0,20,19.98,20,20,20,20,20,20.0,20,20,20,0,20,20,20,20,20,20,50,50,50,50,50.0,50,50,100,50.0,50.0,100.0,100.0,24.0,36.0,46.0,C-
20.0,20.0,20,20.0,20,20,20,20,20,20.0,20,20,20,20,20,20,20,20,20,20,50,50,50,50,50.0,50,50,100,50.0,50.0,100.0,100.0,40.0,45.0,62.0,A
20.0,20.0,20,20.0,20,0,20,20,20,20.0,0,20,20,20,20,20,20,20,20,20,50,50,50,50,50.0,50,0,80,50.0,50.0,100.0,100.0,31.5,42.0,35.0,E
10.0,20.0,20,20.0,20,20,20,20,20,20.0,20,20,20,20,20,20,20,20,20,20,50,50,50,50,50.0,50,50,100,50.0,50.0,100.0,25.0,35.0,45.0,47.0,C-
20.0,20.0,20,20.0,20,20,20,20,20,20.0,20,20,20,20,20,20,20,20,20,20,50,50,50,50,50.0,50,50,100,50.0,50.0,100.0,100.0,36.0,45.0,54.0,B
20.0,20.0,20,20.0,20,20,20,20,20,20.0,20,0,20,20,20,20,20,20,20,20,50,50,50,50,50.0,50,50,100,50.0,50.0,100.0,100.0,39.0,45.0,61.0,A
15.0,10.0,20,20.0,20,20,20,20,20,20.0,20,20,20,20,20,20,20,20,0,20,50,50,50,50,50.0,50,50,100,50.0,50.0,100.0,25.0,33.0,32.0,47.5,C
20.0,10.0,20,20.0,20,20,20,20,20,20.0,20,20,20,20,20,20,20,20,20,20,50,50,50,46,50.0,50,50,100,50.0,50.0,100.0,100.0,38.0,42.0,58.0,A-
20.0,20.0,20,20.0,20,20,0,20,20,20.0,20,20,20,20,20,20,20,20,20,20,50,50,50,50,50.0,50,50,100,50.0,50.0,100.0,100.0,34.5,43.0,57.0,B+
