Lab 02 (820171),Lab 03 (820172),Lab 04 (820173),Lab 05 (820174),Lab 06 (820175),Lab 07 (820176),Lab 08 (820177),Lab 09 (820178),Lab 10 (820179),Lab 11 (820180),Lab 12 (820181),Lab 13 (820182),Lab 14 (820183),Lab 15 (820184),Lab 16 (820185),Lab 17 (820186),Lab 20 (820189),Lab 21 (820190),Lab 22 (820187),Lab 23 (820188),Homework 1 (820163),Homework 2 (820164),Homework 3 (820165),Homework 4 (820211),Homework 5 (820166),Homework 6 (820167),Homework 7 (820168),Project 1 (820193),Project 2A (820194),Project 2B (820195),Project 3 (820196),Project 4 (820197),Midterm 1 (820191),Midterm 2 (820192),Final Exam (820162)
20,20,20,20,20,20,20,20,20,20,20,20,20,20,20,20,20,20,20,20,50,50,50,50,50,50,50,100,50,50,100,100,40,40,64
20,15,20,17.31,20,20,20,20,20,20,20,20,20,20,20,20,20,20,20,20,50,50,50,50,50,50,0,100,50,50,100,0,40,44,54
20,20,20,20,20,20,20,20,20,20,20,20,20,20,20,20,20,20,20,20,50,50,50,50,50,50,50,100,50,50,100,100,37,45,56
20,0,20,14.35,0,0,0,0,0,0,0,0,20,20,8,20,0,0,0,0,0,50,0,0,50,0,0,0,0,0,0,0,15,0,0
20,10,20,20,20,20,20,20,20,20,20,20,20,20,20,20,20,20,20,20,50,50,50,50,50,50,50,100,50,50,100,100,36.5,34,56
10,0,20,20,20,20,20,20,20,20,20,20,20,20,20,20,20,20,20,20,0,50,41,50,0,20,0,20,50,42.5,100,0,30,45,53
20,20,20,20,20,20,20,20,20,20,20,20,20,20,20,20,20,20,20,20,50,50,50,50,50,50,50,100,50,50,100,100,40,45,59
20,0,0,0,0,0,20,0,20,0,0,0,0,20,20,20,20,20,20,20,50,50,50,0,50,50,50,100,50,50,100,100,37,45,58
20,20,20,20,20,20,20,20,20,20,10,20,20,20,20,20,20,20,20,20,50,50,50,50,50,50,50,100,50,50,100,62.5,36,45,52
0,20,20,20,20,20,20,20,20,20,20,20,20,20,20,20,20,20,20,20,50,50,50,50,50,50,50,100,50,50,100,100,32,44,52
20,20,20,20,20,20,20,20,20,20,20,20,20,20,20,20,20,20,20,20,50,50,50,50,50,50,50,100,50,50,100,100,37,41,44
20,20,20,19.89,20,20,20,20,20,20,20,20,20,20,20,20,20,20,20,20,50,50,50,50,50,50,50,100,50,50,100,100,40,45,60
20,20,20,20,0,20,20,20,20,20,20,20,20,20,20,20,20,20,20,20,50,50,50,50,50,50,50,100,50,50,100,65,34.5,42,54
20,20,20,20,20,20,20,20,20,20,20,20,20,20,20,20,20,20,20,20,50,50,50,50,50,50,50,100,50,50,100,100,35,45,54
20,20,20,20,20,20,20,20,20,20,20,20,20,20,20,20,20,20,20,20,50,50,50,50,50,50,50,100,50,50,100,100,38,44,58
20,20,20,20,20,20,20,20,20,20,20,20,20,20,20,20,20,20,20,20,50,50,50,50,50,50,50,100,50,50,100,100,39,45,58
20,20,20,20,20,20,20,20,20,20,20,20,20,20,20,20,20,20,20,20,50,50,50,50,50,50,50,100,50,50,100,100,39,44,60
20,15,20,20,20,20,20,20,20,20,20,20,20,0,20,20,20,20,20,20,50,50,50,50,50,0,50,100,50,50,0,75,35,38,49
20,20,20,20,20,20,20,20,20,20,20,20,20,20,20,20,20,20,20,20,50,50,50,50,50,50,50,100,50,50,100,90,34.5,43,51
20,20,15,20,20,20,20,20,20,0,20,20,20,20,20,20,20,20,20,20,50,50,50,50,50,50,50,100,50,50,100,25,35,39,49
20,20,20,20,20,20,20,20,20,20,20,20,20,20,20,20,20,20,20,20,50,50,50,50,50,50,50,100,50,50,100,100,35,30.94,43
20,20,20,20,20,20,20,20,20,20,20,20,20,20,20,20,20,0,20,20,50,50,50,50,50,50,50,100,50,50,99.98,100,27,36,46.5
20,20,20,20,20,20,20,20,20,20,20,20,20,20,20,20,20,20,20,20,50,50,50,50,50,50,50,100,50,50,100,0,31,39,50
20,0,20,20,20,20,20,20,20,18.5,20,20,5,10,20,20,20,20,20,20,50,50,50,50,50,50,50,100,50,50,100,100,39,45,57
20,20,20,20,20,20,20,20,20,20,20,20,20,20,20,20,20,20,0,0,50,50,50,50,50,50,50,100,50,50,97.91,25,38,45,41
20,20,20,20,20,20,20,20,20,20,20,20,20,20,20,20,20,20,20,20,0,50,50,50,50,50,50,100,37.5,50,84.11,100,30.5,39,51
20,20,20,20,20,20,20,20,20,20,20,20,20,20,20,20,0,20,0,20,50,0,50,0,50,50,0,100,50,50,46.19,0,35,41,53
20,20,20,20,20,20,20,20,20,20,20,20,20,0,20,20,20,10,20,20,50,50,50,50,50,50,50,95,50,50,100,50,29.5,45,47
20,20,20,20,20,20,20,20,20,0,20,20,20,20,20,20,20,0,20,0,50,50,50,50,50,50,50,100,50,50,100,75,36,42,55.5
20,20,20,20,20,20,20,20,20,20,20,20,20,20,20,20,20,20,20,20,50,50,50,50,50,50,50,100,50,50,100,100,39,45,56
0,20,20,0,20,0,20,20,0,20,20,20,20,0,20,20,20,20,20,20,50,50,50,50,50,50,50,100,50,50,100,75,32,41,47.5
20,20,20,20,20,20,20,20,20,20,20,20,20,20,20,20,20,20,20,14,0,50,50,50,50,50,50,100,50,50,100,75,34.5,40,50
20,20,20,20,20,20,20,20,20,20,20,20,20,20,20,20,20,20,20,20,50,50,50,50,50,50,50,100,50,50,75.12,100,30,40,49
20,20,20,20,20,20,20,20,20,20,20,20,20,20,20,20,20,20,20,20,50,50,50,50,50,50,50,100,50,50,100,100,39,45,55
20,20,20,0,20,20,20,20,20,15,0,20,20,20,20,20,20,20,0,20,50,50,50,50,50,50,50,100,50,50,100,65,40,45,59
20,0,20,20,20,20,0,20,20,20,20,20,20,20,20,20,20,20,20,20,50,50,28,50,50,50,50,0,50,50,100,100,34,36,50.5
20,20,20,20,20,20,20,20,20,19.5,20,20,20,20,20,20,20,20,20,0,50,50,50,50,50,50,50,100,50,50,100,100,40,44,57
20,20,20,20,20,20,20,20,20,20,20,20,20,20,20,20,20,20,20,20,50,50,50,50,50,50,50,100,50,50,100,100,38.5,45,54
20,20,20,20,20,20,20,20,20,20,20,20,20,20,20,20,20,20,20,20,50,50,34,50,50,50,50,100,50,50,100,100,35.5,45,56
20,20,20,20,20,20,20,20,20,20,20,20,20,20,20,20,20,20,20,20,50,50,50,50,50,50,50,100,50,50,100,100,39,43,61
20,20,20,20,20,20,20,20,20,20,20,20,20,20,20,20,20,20,20,20,50,50,50,50,50,50,50,100,50,50,100,100,30,44,55
20,20,20,20,20,20,20,20,20,20,20,20,20,20,20,20,20,20,20,20,0,50,50,50,50,50,50,100,50,50,100,100,37.5,42,41
20,20,20,20,20,20,20,0,20,20,20,20,20,20,20,20,20,20,20,20,50,50,50,50,50,50,50,100,50,50,100,100,29.5,37,46
7.5,20,20,20,20,20,20,20,20,20,20,20,20,20,20,20,20,20,20,20,50,50,50,50,50,50,50,100,50,50,100,100,35,43,48
20,20,20,20,20,20,20,20,20,0,20,20,20,20,4,20,20,20,20,20,50,50,50,50,50,50,50,100,50,50,100,100,21,21,46
20,20,20,20,20,20,20,20,20,20,20,20,20,20,20,20,20,20,20,20,50,50,50,50,50,50,50,100,50,50,100,100,39,45,51
20,20,20,20,20,20,20,20,0,3,20,20,20,20,20,20,20,20,20,20,50,50,50,50,50,50,50,100,50,50,97.75,100,40,45,62
20,20,20,20,20,20,20,20,20,20,20,20,20,20,20,20,20,0,20,20,50,50,50,50,50,50,50,100,50,50,100,100,40,43,63
20,20,20,20,20,20,20,20,20,20,20,20,20,20,20,20,20,20,20,20,50,50,50,50,50,50,50,100,50,50,100,100,39,43,52
20,20,20,20,20,20,20,20,20,20,20,0,0,0,0,20,0,20,0,0,0,50,0,0,0,50,50,100,0,0,83.61,25,31,31,43.5
20,20,20,17,20,20,20,20,20,20,20,20,20,20,20,20,20,20,20,20,50,50,50,50,50,50,50,100,50,50,100,100,37,45,55
20,20,20,19.95,20,4,20,20,20,17.5,20,20,20,20,12,20,20,20,20,20,50,50,50,50,50,50,50,100,50,50,100,100,40,44,52
20,20,20,20,20,20,20,20,20,20,20,20,20,20,20,20,20,20,0,0,50,50,41,0,49.6,0,0,100,50,50,80.43,90,32,26,49
20,20,20,20,20,20,20,20,20,20,20,20,20,20,20,20,20,20,20,20,50,50,50,50,50,50,50,100,50,50,100,100,39,44,56
20,15,20,19.55,20,0,20,20,20,20,20,20,0,20,20,20,20,20,20,20,30,50,50,50,0,0,0,100,50,50,0,0,27.5,0,0
20,20,20,20,20,20,20,20,20,20,20,20,20,20,20,20,20,20,20,20,50,50,50,50,50,50,50,100,50,50,100,100,29,45,51
20,20,20,20,20,20,20,20,20,20,20,20,20,0,20,20,20,20,20,20,50,50,50,50,50,50,50,100,50,50,100,100,29.5,37,51.5
20,20,20,20,20,20,20,20,20,20,20,20,20,20,20,20,20,20,20,20,50,50,50,50,50,50,50,100,50,50,100,100,33,43,53
20,20,20,20,20,20,20,20,20,20,20,20,20,20,20,20,20,20,20,20,35,50,40,50,50,50,50,100,50,50,78.56,15,38,36,52.5
20,20,20,20,20,20,20,20,20,20,20,20,20,20,20,20,20,20,20,20,50,50,50,50,50,50,50,100,50,50,95,100,32,45,55
20,20,0,11.04,20,20,20,20,20,20,20,20,20,20,20,20,20,20,20,20,50,50,44,50,50,0,50,100,50,50,100,100,39,35,50
20,20,20,20,20,20,20,20,20,14.5,20,20,20,20,20,20,20,20,20,20,40,50,50,50,50,50,50,100,50,50,100,75,40,44,55
20,20,20,20,20,20,20,20,20,20,20,20,20,20,20,20,20,20,20,20,50,50,50,50,50,50,50,100,50,50,100,100,37,44,44
20,20,20,20,20,20,20,20,20,20,20,20,20,20,20,20,20,20,20,0,50,50,50,50,50,50,50,100,50,50,100,100,40,44,63
0,0,0,0,0,0,0,0,0,0,0,0,0,0,0,0,0,0,0,0,0,0,0,0,0,0,0,0,0,0,0,0,0,0,0
20,20,20,20,20,20,20,20,20,20,20,20,20,20,20,20,20,20,20,20,50,50,50,50,50,50,50,100,50,50,100,100,24,43,46
20,20,20,20,20,20,20,20,20,20,20,20,20,20,20,20,20,20,20,20,50,50,50,50,50,50,50,100,50,50,100,100,38,43,54
20,20,20,20,20,20,20,20,20,20,20,20,20,20,20,20,20,20,20,20,50,50,50,50,50,50,50,100,50,50,100,100,37,43,51
20,20,20,20,20,20,20,20,20,20,20,20,0,20,20,20,20,20,20,20,50,50,50,50,50,50,50,100,50,50,100,100,38,40,48
20,20,20,12.83,20,20,20,20,20,20,20,20,20,20,20,20,20,20,20,20,35,50,50,50,50,50,50,100,50,50,100,75,37,43,58
20,20,20,20,20,20,20,20,20,20,20,20,20,20,20,20,20,20,0,20,50,50,22,50,50,50,34,100,50,50,71.16,100,38,42,61
20,20,20,20,20,20,20,20,20,20,20,20,20,20,20,20,20,20,20,20,50,50,50,50,50,50,50,100,50,50,100,100,32,36,44
20,20,20,20,20,20,20,20,20,20,0,20,20,20,20,20,0,20,20,20,35,50,50,50,26.96,50,50,80,50,50,100,25,32,38,46.5
20,20,20,20,20,20,20,20,20,20,20,20,20,20,20,20,20,20,20,20,50,50,50,50,50,50,50,100,50,50,100,100,39,45,56
20,20,20,20,20,20,20,20,20,20,20,20,20,20,20,20,20,20,20,20,50,50,50,50,50,50,50,100,50,50,100,100,36.5,40,50
20,20,20,20,20,0,20,20,20,20,20,20,20,20,20,20,20,20,20,20,50,50,50,50,50,50,50,75,50,50,100,50,34,39,53
0,0,0,0,0,0,0,0,0,0,0,0,0,0,0,0,0,0,0,0,0,0,0,0,0,0,0,0,0,0,0,0,31,0,0
5,20,20,20,20,20,20,20,20,20,20,20,20,20,20,20,20,20,20,20,50,50,50,50,50,50,50,100,50,50,100,100,38.5,44,47
20,20,20,20,20,20,20,20,20,20,20,20,20,20,20,20,20,20,20,20,50,50,50,32,50,50,50,100,50,50,100,50,35,44,50
20,20,20,20,20,20,20,20,20,20,20,20,20,20,20,20,20,20,20,20,50,50,50,50,50,50,50,100,50,50,100,100,30,45,56
20,20,20,20,20,20,20,20,20,20,20,20,20,20,20,20,20,20,20,20,50,50,50,50,50,50,50,100,50,50,100,100,39,44,56
20,20,20,20,20,20,20,20,20,10,20,20,20,20,20,20,20,20,20,0,0,0,50,50,50,50,50,0,50,45,100,50,19,20,37
20,20,20,20,20,20,20,20,20,20,20,20,20,20,20,20,20,20,20,20,0,50,50,50,50,50,50,100,50,50,100,15,35,45,49
20,20,20,20,20,20,20,20,20,20,20,20,20,20,20,20,20,20,20,20,50,50,50,50,50,50,50,100,50,50,100,100,39,45,53
20,20,20,20,20,20,20,20,20,20,20,20,20,20,20,20,20,20,20,20,50,50,50,50,50,50,50,100,50,50,100,100,28.5,42,44
20,20,20,20,20,20,20,20,20,20,20,20,20,20,20,20,20,20,20,20,5,50,50,50,50,50,50,100,50,50,100,100,38,40,55
20,15,20,20,20,20,20,20,20,10,20,20,20,20,20,20,20,20,20,20,50,50,50,50,50,50,50,100,50,50,100,100,40,43,57
20,20,20,20,20,20,20,20,20,0,10,7,0,0,4,0,20,0,20,20,0,50,28,50,0,0,50,80,50,50,0,15,37,42,59
20,20,20,20,20,20,20,20,20,20,20,20,20,20,20,20,20,20,20,20,25,50,50,50,0,50,24,100,50,42.5,75.53,100,31,29,39.5
20,20,20,20,20,20,20,20,20,20,20,20,0,0,20,20,20,20,20,20,50,50,50,50,50,50,50,100,50,50,76.67,25,36,42,51
20,20,20,20,20,20,20,20,20,20,20,20,20,20,20,20,20,20,20,20,50,50,50,50,50,50,50,100,50,50,100,100,35,44,56
20,20,20,20,20,20,20,20,20,20,20,20,20,20,20,20,20,20,20,20,50,50,50,50,50,50,50,100,50,50,100,100,37,45,57
0,20,20,20,20,20,0,0,20,0,20,20,20,20,20,20,20,20,20,20,50,50,50,50,50,0,50,100,50,50,100,100,37,45,59
20,20,20,20,20,20,20,20,20,20,20,20,20,20,20,20,20,20,20,20,50,50,50,50,50,50,50,100,50,50,100,100,27,45,50
20,20,20,20,20,20,20,20,20,20,20,20,20,20,20,20,20,20,20,12,50,50,50,50,50,50,50,100,50,50,100,100,40,44,60
20,20,20,17.24,0,0,0,20,0,0,0,20,0,20,0,20,0,0,20,0,50,50,50,50,50,0,50,100,50,50,0,100,37,32,54
20,20,20,20,20,20,20,20,20,20,20,20,20,20,20,20,20,20,20,0,50,50,50,50,50,50,50,100,50,50,100,100,40,43,58
20,20,20,20,20,6,20,20,20,14.5,20,20,20,8,8,18,20,20,0,0,50,50,50,50,50,50,50,100,50,50,100,100,35,38,53
20,20,20,20,20,0,20,20,20,20,0,20,20,20,20,20,20,20,0,20,35,50,50,50,50,50,50,100,50,50,100,40,36,40,57
20,20,20,20,20,20,20,20,20,20,20,20,20,20,20,20,20,20,20,0,50,50,50,50,50,50,50,100,50,50,100,100,37,45,57
20,20,20,20,20,20,20,20,20,20,20,20,20,20,20,20,20,20,20,20,50,50,50,50,50,50,50,100,50,50,100,100,39,44,59
20,20,20,20,20,20,20,20,20,20,20,20,20,8,12,0,20,0,0,0,35,50,50,50,50,0,0,100,50,50,0,0,35,42,0
20,20,20,20,20,20,20,20,20,20,20,20,20,20,20,20,20,20,20,20,35,50,50,50,36.23,50,50,100,50,50,100,75,32.5,45,52
20,20,20,20,20,20,20,20,20,0,20,20,20,20,20,20,20,20,20,20,35,50,50,50,50,50,50,100,50,0,100,100,40,45,59
20,20,20,0.33,20,6,20,20,20,20,20,20,20,20,20,20,20,20,20,20,50,50,50,50,50,50,50,100,50,50,100,100,38,40,52.5
20,20,20,19.89,20,20,20,20,20,14.5,20,20,20,20,20,20,20,20,20,20,50,50,50,50,50,50,50,100,50,50,100,100,37,42,61
20,20,20,20,20,20,20,20,20,20,20,20,20,20,20,20,20,20,20,20,50,50,50,50,50,50,50,100,50,50,100,100,40,42,61
20,20,20,20,20,20,20,20,20,20,20,20,20,20,20,20,20,20,20,20,50,50,50,50,50,50,50,100,50,50,100,100,40,45,53
20,20,20,20,20,20,20,20,20,20,20,20,20,20,20,20,20,20,20,20,50,50,50,50,50,50,50,100,50,50,100,100,39,45,50
20,20,20,20,20,20,20,20,20,20,20,20,20,20,20,20,20,20,20,20,50,50,50,50,50,50,50,100,50,50,100,75,40,45,61
20,20,20,20,20,20,20,20,20,20,20,20,20,20,20,20,20,20,20,20,35,50,50,50,0,50,0,100,50,50,0,0,38,41,53.86
20,20,20,20,20,20,20,20,20,20,20,20,20,20,20,20,20,20,20,20,50,50,50,50,50,50,50,100,50,50,100,100,38,42,57
20,20,20,20,20,20,20,20,20,20,20,20,20,20,20,20,20,20,20,20,50,50,50,50,50,50,50,100,50,50,100,100,38,45,58
20,20,20,20,20,20,20,20,20,20,20,20,20,20,20,20,20,20,20,20,50,50,50,50,50,50,50,100,50,50,100,100,37,45,54
20,20,20,19.9,20,20,20,20,20,20,20,20,20,20,20,20,20,20,20,20,50,50,50,50,50,50,50,100,50,50,100,100,40,42,59
20,20,20,20,20,20,20,20,20,20,20,20,20,20,20,20,20,20,20,20,50,50,50,50,50,50,50,100,50,50,100,100,34,44,56
20,20,20,20,20,20,20,20,20,18,20,20,20,20,20,20,20,20,20,20,50,50,50,50,50,50,50,100,50,50,100,100,39,44,61
20,20,20,20,20,20,20,0,20,0,20,20,20,0,20,20,20,20,20,20,35,0,50,28,50,50,0,100,50,50,100,25,38,41,55
20,20,20,20,20,20,20,20,20,20,20,20,20,20,20,20,20,20,20,20,50,50,50,50,50,50,50,100,50,50,100,100,40,45,60
0,0,0,0.3,7,0,0,10,0,11,20,20,20,20,20,20,20,20,20,20,50,50,50,50,50,50,50,100,50,50,100,100,26.5,45,45
20,20,20,20,20,20,20,20,20,20,20,20,20,20,20,20,20,20,0,20,50,50,50,50,50,50,50,100,50,50,100,100,39,45,62
20,20,20,20,20,20,20,20,20,20,20,20,20,20,20,20,20,20,20,0,30,50,50,50,50,50,50,100,50,50,100,0,32,34,50
0,20,20,20,20,20,20,10,20,20,20,20,20,20,20,20,20,20,20,20,35,50,50,50,50,0,50,100,50,50,100,50,32,44,53
20,20,20,20,20,20,20,20,20,20,20,20,20,20,20,20,20,20,20,20,50,50,50,50,50,50,42,100,50,50,100,100,39,41,62
20,20,15,20,20,20,20,20,20,20,20,20,20,20,20,20,20,20,20,20,50,50,50,50,50,50,50,100,50,50,100,15,38,40,53
20,20,20,20,20,20,20,20,20,19.5,20,20,20,20,20,20,20,20,6,20,50,50,50,50,50,50,50,100,50,50,100,100,35,37,55
20,17.5,20,0,20,20,20,20,20,20,20,20,15,20,20,20,20,20,20,20,50,50,50,50,50,50,50,100,50,50,100,75,34,43,56
0,15,12,17.88,20,20,20,20,20,20,20,20,20,20,20,20,20,20,20,20,30,50,50,50,50,50,50,100,50,50,100,100,37,43,59
20,20,20,20,20,20,20,20,20,20,20,20,20,20,20,20,20,0,20,6,50,50,50,50,50,50,50,100,50,50,100,50,31,34,48
20,20,20,20,20,20,20,20,20,20,20,20,20,20,20,20,20,20,20,20,45,50,0,0,50,50,50,55,50,50,100,100,39,45,53
20,20,20,20,20,20,20,20,20,20,20,20,20,20,20,20,20,20,20,20,20,50,50,50,50,50,50,100,50,50,100,100,26,41,50
20,20,20,20,0,20,20,20,20,20,20,0,20,20,20,20,0,20,20,20,50,50,50,50,50,50,50,100,50,50,100,65,38,44,58
20,20,20,20,20,20,20,20,20,20,20,20,20,20,16,20,20,20,20,20,50,50,50,50,50,50,50,100,50,50,100,100,40,44,53
20,20,20,20,20,20,20,20,20,20,20,0,20,20,20,20,20,20,0,20,50,50,50,50,50,50,50,100,50,50,100,100,40,43,61
20,20,20,20,20,20,20,20,20,20,20,20,20,20,20,20,20,20,20,20,50,50,50,50,50,50,50,100,50,50,100,100,39,44,63
20,20,20,19.89,20,20,20,20,20,17,20,20,0,20,20,9,20,0,20,0,50,50,44,50,50,0,50,100,50,50,100,100,30,45,51
20,20,20,20,20,20,20,20,20,20,20,20,20,20,20,20,20,20,20,20,50,50,50,50,50,50,50,100,50,50,100,75,37,41,38
20,20,20,20,20,20,20,20,20,20,20,20,20,20,20,20,20,20,20,20,50,50,50,50,50,50,50,100,50,50,100,100,40,39,60
20,20,20,19.98,20,20,20,20,20,20,20,20,20,20,20,20,20,20,20,20,50,50,50,50,50,50,40,100,50,50,99.99,25,40,45,58
20,20,20,20,20,20,20,20,20,20,20,20,20,20,20,20,20,20,20,20,50,50,50,50,50,50,0,100,45,50,100,100,38,43,49
20,20,20,20,20,20,20,20,20,20,20,20,20,20,20,20,20,20,20,20,50,50,50,50,50,50,50,100,50,50,100,100,40,41,59
20,20,20,0,20,20,20,20,20,20,0,20,20,20,20,20,20,0,20,20,50,50,50,50,50,50,50,80,50,50,100,100,37.5,43,56.5
20,20,20,20,20,0,20,20,20,20,20,20,20,20,20,9,20,20,20,20,50,50,50,0,50,40,50,100,50,50,99.99,0,38,43,57
20,0,20,11,7,20,20,20,20,20,20,20,10,20,20,20,20,20,0,20,30,50,50,50,0,50,0,100,50,50,100,40,35,40,57
20,20,20,8.6,20,20,20,20,20,20,20,20,20,20,20,20,20,0,0,0,35,50,50,25,50,0,0,100,20,2,0,0,38,44,54
20,20,20,20,20,20,20,20,20,20,20,20,20,20,20,20,20,20,20,20,50,50,50,50,27.89,50,50,100,50,50,60.16,0,34,37,49
20,0,0,0,0,0,14,0,0,0,0,0,0,0,0,20,0,20,20,20,50,50,50,0,50,32,50,95,50,50,100,100,39,34,59
0,20,20,20,20,20,20,0,20,20,20,20,20,20,20,20,20,20,20,20,30,50,50,50,50,50,50,100,50,50,75.17,100,40,45,52.5
20,20,20,20,0,20,0,20,20,9.5,0,20,20,20,4,20,20,20,20,0,50,50,47,32,50,10,50,100,45,16.5,100,25,37.5,45,44
20,20,20,20,20,20,20,20,20,20,20,20,20,20,20,20,20,20,20,20,50,50,50,50,50,50,50,100,50,50,100,100,31.5,39,51
0,20,20,20,20,20,20,20,20,20,20,20,20,14,20,20,20,20,20,20,50,50,50,50,50,50,50,100,50,50,100,100,38,45,55
20,0,20,20,20,20,20,20,20,20,20,20,20,20,20,20,20,20,20,20,50,50,50,50,50,50,50,100,50,50,100,100,38,45,58
20,20,20,20,20,20,0,20,20,20,20,20,20,0,20,0,0,20,20,20,50,50,0,0,50,50,0,100,50,50,100,50,31,45,50
20,20,20,20,20,20,20,20,20,20,20,20,20,20,20,20,20,20,20,20,50,50,50,50,50,50,50,100,50,50,100,100,40,43,58
20,20,20,20,20,20,20,20,0,20,20,20,20,20,20,0,20,20,20,20,50,50,50,50,50,50,50,100,50,50,99.18,100,39,44,61
0,20,20,20,20,20,20,20,20,20,20,20,20,20,20,20,20,20,20,20,50,50,50,50,47.73,50,50,100,50,50,100,65,37,43,54
20,20,20,20,20,20,20,20,20,20,20,20,20,20,20,20,20,20,20,20,0,0,18,50,50,50,50,0,50,50,100,100,31,41,45
20,20,20,20,20,20,20,20,20,20,20,20,20,20,20,20,20,20,20,20,50,50,50,50,50,50,50,100,50,50,100,100,40,44,60
20,20,20,20,0,0,20,20,20,20,20,20,20,20,20,20,20,20,20,20,50,0,0,0,50,0,0,75,50,50,25,100,30,39,45.5
20,20,20,20,20,20,20,20,20,20,20,20,10,20,20,20,20,0,20,20,50,50,50,50,0,50,50,100,50,50,100,100,37,36,52.5
20,20,20,20,20,20,20,20,20,0,20,20,20,20,20,20,20,20,20,20,45,50,10,50,50,50,50,100,50,35,100,40,27.5,45,45
20,20,20,20,20,20,20,20,20,20,20,20,20,20,20,20,20,20,20,20,50,50,50,50,50,50,50,100,50,50,100,100,37,43,53
20,20,20,20,20,20,20,20,20,20,20,20,20,20,20,20,20,20,20,20,50,50,50,50,50,50,50,100,50,50,100,100,40,45,63
20,20,20,20,20,20,20,20,20,20,20,20,20,20,20,20,20,20,20,20,50,50,50,50,50,50,50,100,50,50,92.48,100,37,45,52
20,20,20,20,20,20,20,20,20,20,20,20,20,20,0,20,20,0,20,20,45,50,50,50,50,50,50,100,50,50,100,100,37,40,56
20,20,20,20,20,20,20,20,20,20,20,20,20,20,20,20,20,20,20,20,50,50,50,50,50,50,50,100,50,50,100,100,40,42,60
20,20,20,20,0,0,20,20,20,20,20,20,0,20,20,20,20,20,6,20,50,50,50,50,0,50,50,100,50,50,100,75,36,30,52
20,20,20,20,20,20,20,20,20,20,20,20,20,20,20,20,20,0,0,0,0,50,44,50,0,0,0,60,50,0,0,0,23,33,38
20,0,20,20,20,20,20,20,20,20,20,20,20,20,20,20,20,20,20,20,50,50,35,37,40.43,40,42,100,40,12,76.67,15,32,32,44
20,20,20,17.27,20,20,20,20,20,20,20,20,20,20,20,20,20,20,20,0,50,50,50,50,50,50,50,80,50,50,100,90,32,37,42
20,20,20,20,20,20,20,20,20,20,0,20,0,20,20,20,20,15,20,20,50,50,50,50,49.2,0,50,100,50,50,100,25,39,41,52
20,20,20,20,20,20,20,20,20,20,20,20,20,20,20,20,20,20,20,20,50,50,50,50,50,50,50,100,50,50,100,90,40,45,61
20,20,20,20,20,20,20,20,20,20,20,20,20,20,0,20,20,0,20,20,50,50,50,50,50,50,0,100,50,50,100,40,36,43,49
20,20,20,20,20,20,20,20,20,20,20,20,20,20,20,20,20,20,20,0,50,50,50,50,50,50,50,100,50,50,100,100,40,44,60
0,20,20,20,20,20,20,20,20,20,20,20,20,20,20,20,20,20,20,20,50,50,50,50,50,50,50,100,50,50,100,100,37,45,61
20,20,20,20,20,0,20,20,20,20,20,20,0,20,20,20,20,0,20,20,50,50,50,50,50,50,50,100,50,50,100,25,37.5,45,56
20,15,20,20,20,0,20,0,20,20,20,0,0,20,20,20,0,0,0,0,50,50,44,43,49.75,50,50,80,50,50,100,15,29,45,50
20,20,20,20,20,20,20,20,20,20,20,20,20,20,20,20,20,20,20,20,50,50,50,50,50,50,50,100,50,50,100,100,32,45,57
20,20,20,20,20,20,20,0,20,20,20,20,20,20,20,20,0,20,0,0,50,50,50,50,50,50,50,100,50,50,99.99,65,33.5,45,50
0,20,20,0,20,0,7,20,0,0,20,20,20,0,20,20,20,20,20,0,50,50,50,50,50,50,50,100,50,50,100,15,33,38,49
20,20,20,20,20,20,20,20,20,20,20,20,20,20,20,20,20,20,20,20,50,50,50,50,50,50,50,100,50,50,100,100,40,44,53
20,20,20,20,20,20,20,20,20,20,20,20,20,20,20,20,20,20,20,20,50,50,50,50,50,50,50,100,50,50,100,100,38,40,55
20,20,20,20,20,20,20,20,20,2.75,20,20,10,20,20,20,20,20,20,20,50,50,50,50,50,50,50,100,50,50,100,100,34.5,45,50
10,20,20,20,20,20,20,20,20,20,20,20,20,20,20,20,20,20,20,20,50,50,37,24,50,40,50,100,50,42.5,100,100,25,33,40.5
20,20,20,20,20,20,20,20,20,20,20,20,20,20,20,15,20,15,20,20,50,50,50,50,50,50,50,100,50,50,100,100,40,44,58
20,20,20,20,20,20,20,20,20,20,20,20,20,20,20,20,20,20,20,20,50,50,50,50,50,50,50,100,50,50,100,100,40,44,60
20,20,20,20,20,20,20,20,20,20,20,20,20,20,0,20,20,20,20,20,50,50,50,50,50,50,50,100,50,50,98.55,0,31,25,40
20,20,20,20,20,20,20,20,20,20,20,20,20,20,20,20,0,20,20,20,50,50,50,50,50,50,50,100,50,50,100,100,30.5,33,47
20,20,20,20,20,20,20,20,20,20,20,20,20,20,20,20,20,20,20,20,35,50,50,50,50,50,50,100,50,50,100,100,37,42,52
20,20,20,20,20,20,20,20,20,20,20,20,20,20,20,20,20,20,20,20,50,50,50,50,50,50,50,100,50,50,99.9,100,38,44,48
20,20,20,20,20,20,20,20,20,20,20,20,20,20,20,20,20,20,20,0,50,50,50,50,50,50,34,100,50,50,100,75,40,45,52
20,20,20,20,20,20,20,0,20,20,20,20,20,20,0,20,20,20,20,20,50,50,50,50,50,50,50,100,50,50,100,100,35,43,55.5
20,0,20,20,20,20,20,20,20,20,20,20,20,20,20,20,20,20,20,20,35,50,0,50,50,50,50,100,50,50,100,0,33,38,43
0,20,20,20,20,20,20,20,20,20,20,20,20,20,20,0,20,20,20,20,50,50,50,50,50,50,50,100,50,50,100,65,37,43,46
20,20,20,20,20,20,20,20,20,20,20,20,20,20,20,20,20,20,20,20,50,50,50,50,50,50,50,100,50,50,100,100,39,45,51
20,20,15,8.52,20,20,20,20,20,5,20,20,20,20,20,20,20,20,20,20,50,50,50,50,50,50,50,100,50,50,100,75,39,45,55
20,10,0,20,20,20,20,20,20,20,20,20,20,20,20,20,20,20,20,20,0,0,50,50,47.73,20,0,100,27.5,35,41.46,0,28,32,40
20,20,20,20,20,20,20,20,20,20,20,20,20,20,20,20,20,20,20,20,50,50,50,50,50,50,50,100,50,50,100,100,39,35,52
20,20,20,20,20,20,20,20,20,20,20,20,20,20,16,20,20,20,20,20,0,50,50,50,50,10,50,100,50,50,66.79,0,35,43,54
20,20,20,20,20,20,20,20,20,20,20,20,20,20,20,20,20,20,20,20,0,50,50,50,50,50,50,90,50,50,100,0,31.5,44,51
20,20,0,20,20,20,20,20,0,20,20,0,0,20,0,0,20,20,0,20,50,0,0,0,0,0,0,100,50,50,100,100,28.5,36,46.5
20,20,20,20,20,20,20,20,20,20,20,20,20,20,20,20,20,20,20,20,50,50,50,50,50,50,50,100,50,50,100,100,39,45,52
20,20,20,20,20,20,20,20,20,20,20,0,0,20,20,20,20,20,20,20,50,50,50,50,50,50,50,100,50,50,100,25,38,43,49
20,20,20,20,20,20,20,20,20,20,20,20,20,20,20,20,20,20,20,20,50,50,50,50,50,50,50,100,50,50,100,40,40,45,57
20,20,20,20,20,20,20,20,20,18,20,20,20,20,20,20,20,20,20,0,50,50,44,50,50,50,50,100,50,50,100,100,38,44,56
20,20,20,20,20,20,20,20,20,20,20,20,20,20,20,20,20,20,20,20,50,50,50,50,50,50,50,100,50,50,100,75,34,38,58
20,20,20,20,20,20,20,20,20,0,20,0,0,0,0,20,0,0,0,0,50,50,50,50,0,50,0,100,50,50,100,0,40,44,62
20,20,20,20,20,20,20,20,20,0,20,0,20,20,20,20,20,20,20,20,0,50,0,0,0,0,40,35,0,0,0,15,32.5,22,47
20,20,20,20,20,20,20,0,20,20,20,20,20,20,20,20,20,20,20,20,50,50,50,50,50,50,0,100,50,50,100,100,36.5,42,52
20,20,20,20,20,20,20,20,20,18,20,20,20,20,20,20,20,20,20,20,50,50,50,50,50,50,50,100,50,50,100,100,40,45,56
20,20,20,20,20,20,20,20,20,20,20,20,0,20,20,20,20,20,20,0,20,20,50,50,50,50,50,100,50,50,100,100,26.5,40,46
20,20,20,20,20,20,20,20,20,20,20,20,20,20,20,20,20,20,20,20,50,50,50,50,50,50,50,100,50,50,100,25,40,45,61
20,20,20,20,20,20,20,20,20,20,20,20,20,20,20,20,20,20,20,20,50,50,50,50,50,50,50,100,50,50,100,100,38,45,61
20,20,20,20,20,20,20,20,20,20,20,20,20,20,20,20,20,20,20,20,50,50,50,50,50,50,50,100,50,50,100,65,36,43,56
20,20,0,20,0,20,20,20,20,20,0,20,20,20,20,20,20,20,20,20,0,0,0,0,0,50,0,0,0,0,0,0,30.5,27,0
20,20,20,20,20,20,20,20,20,20,20,20,20,20,20,20,20,20,20,20,50,50,50,50,50,50,50,100,50,50,100,100,35,37,47
0,20,20,20,20,20,20,20,20,20,20,0,0,20,0,20,20,20,20,20,50,50,50,39,50,10,50,60,50,27.5,50.99,25,36.5,43,53
20,20,20,20,20,20,20,20,20,20,20,20,20,20,20,20,20,20,20,20,50,50,50,50,50,50,50,100,50,50,100,100,36,44,58
20,20,20,20,20,20,20,20,20,20,20,20,20,20,20,20,20,20,20,20,25,50,40,50,50,50,50,100,50,50,100,75,35.5,45,48
20,20,20,20,20,20,20,20,0,20,20,20,20,20,20,20,20,20,0,0,50,50,50,50,50,50,50,100,50,50,100,100,39,43,57
20,20,20,20,20,20,20,20,20,20,20,20,20,20,20,20,20,20,20,20,50,50,50,50,50,50,50,100,50,50,100,100,37,45,58
20,20,20,20,20,20,20,20,20,20,20,20,20,20,20,20,20,20,20,20,50,50,50,50,50,50,50,100,50,50,100,100,40,45,62
17.5,20,20,0,20,20,20,0,20,20,20,20,20,20,20,20,20,20,0,0,50,50,50,50,50,50,50,100,50,50,100,100,35,44,54
20,20,20,20,20,20,20,20,20,20,20,0,20,20,20,0,20,20,20,0,50,50,50,50,50,50,50,100,50,50,100,100,34.5,43,48
20,20,20,20,20,20,20,20,20,20,20,20,20,20,20,20,20,20,20,20,50,50,50,50,50,50,50,100,50,50,100,50,38,44,51.5
20,20,20,20,20,20,20,20,20,20,20,20,20,20,20,20,20,0,20,20,50,50,50,50,47.73,50,0,100,50,50,100,0,36.5,45,51
20,20,20,20,20,20,20,20,20,20,20,20,20,20,20,20,20,20,20,20,50,50,50,50,50,50,50,100,50,50,100,100,40,45,62
20,20,20,20,20,20,20,20,20,20,20,20,20,20,20,20,20,0,20,20,50,50,50,50,50,50,50,100,50,50,100,100,37,45,50
0,20,20,20,0,20,20,20,20,20,20,20,20,0,20,20,20,20,20,20,50,50,50,50,50,50,50,0,50,50,100,100,32,41,49
20,20,20,20,20,20,20,20,20,20,20,20,20,20,20,20,20,20,20,20,50,50,50,50,15.34,50,50,100,50,50,100,25,33.5,45,54
20,20,20,20,20,20,20,20,20,20,20,20,20,0,20,20,20,20,20,20,50,50,50,50,50,50,0,100,50,50,100,50,40,45,56.5
20,20,20,20,20,20,20,20,20,20,20,20,20,20,20,20,20,20,20,20,50,0,50,50,50,50,50,100,50,50,100,75,25,32,27
20,20,20,20,20,20,20,20,20,20,20,20,20,20,20,20,20,20,20,20,50,50,50,50,50,50,50,100,50,50,100,100,30.5,37,53
20,20,20,20,20,20,20,20,20,14.5,0,20,20,20,20,20,20,20,0,20,50,50,50,50,50,50,50,100,50,50,100,50,33,38,51
20,20,20,20,20,20,20,20,20,20,20,20,20,20,20,20,20,20,20,20,50,50,50,50,50,50,50,100,50,50,94.67,100,34.5,41,54
20,20,20,20,20,0,20,20,20,0,20,20,20,20,0,20,20,20,20,20,50,50,50,50,50,50,50,100,50,50,100,100,25.5,45,52
20,20,20,20,20,20,20,20,20,20,20,20,20,20,20,20,20,20,20,20,50,50,50,50,50,50,50,100,50,50,100,100,37.5,45,60
20,20,20,20,20,20,20,20,20,20,20,20,20,20,20,20,20,20,20,20,50,50,50,50,50,50,50,100,50,50,100,100,39,45,58
20,20,20,18.83,17,0,20,20,8,0,10,20,20,20,20,20,20,0,20,0,30,50,50,50,47.73,50,50,100,50,50,99.99,25,25.5,41,44
20,0,20,8.38,20,20,20,20,20,20,20,20,20,20,20,20,20,20,20,20,35,50,50,50,50,50,50,100,50,50,100,100,39,43,62
20,20,0,13.87,20,20,20,0,20,20,0,20,0,20,0,0,0,0,0,0,50,0,0,0,0,0,0,100,0,0,0,0,0,0,0
20,20,20,20,20,20,20,20,20,20,20,20,20,20,20,20,20,20,20,20,50,50,50,50,50,50,50,100,50,50,100,100,39,44,56
0,20,20,20,20,20,20,20,20,20,20,20,20,20,20,20,20,20,20,20,50,50,50,50,50,50,50,100,50,50,100,100,31.5,39,53
0,0,0,0,0,0,0,0,0,0,0,0,0,0,0,0,0,0,0,0,0,0,0,0,0,0,0,0,0,0,0,0,0,0,0
20,20,20,20,20,20,20,20,20,20,20,20,20,20,20,20,20,20,20,20,50,50,50,50,50,50,50,100,50,50,100,100,34,43,55.5
20,20,20,20,20,20,20,20,20,20,20,20,20,20,20,20,20,20,20,20,50,50,50,50,50,50,50,100,50,50,100,75,40,45,53
20,20,20,20,20,4,20,20,20,20,20,20,20,20,20,20,20,20,20,20,50,50,50,50,50,50,50,100,50,50,100,100,36,42,45
20,20,20,20,0,20,20,20,20,20,20,20,20,20,20,20,20,20,20,20,50,50,50,50,50,50,50,100,50,50,100,100,37,45,50.5
0,20,20,20,0,0,0,20,20,20,20,20,20,20,20,20,20,20,20,20,50,50,50,50,26.97,50,50,100,50,50,100,75,37,45,47
20,15,20,20,20,10,20,20,20,20,20,20,20,20,20,20,20,20,20,20,50,50,50,50,50,50,50,100,50,50,100,100,40,40,59
20,0,20,20,20,0,0,20,20,16.5,20,20,0,0,0,20,0,0,20,0,0,50,50,50,0,0,50,100,50,50,0,15,30.5,24,43
20,20,20,20,20,20,20,20,20,20,20,20,20,20,20,20,20,20,20,20,50,50,50,50,50,50,50,100,50,50,100,100,38,44,58
20,20,20,20,20,20,20,20,20,20,20,20,20,20,20,20,20,20,20,20,50,50,50,50,26.96,50,50,100,50,50,100,100,28,44,50
20,20,20,20,20,20,20,20,20,20,20,20,20,20,20,20,20,20,20,20,50,50,50,50,50,50,50,100,50,50,100,100,40,45,57
0,0,0,0,0,0,0,0,0,0,0,0,0,0,0,0,0,0,0,0,0,0,0,0,0,0,0,0,0,0,0,0,37,0,46.5
20,20,20,19.89,20,0,20,20,20,20,20,20,20,20,20,20,9,0,20,20,45,50,50,50,50,50,40,100,50,50,100,25,30,42,59
20,20,20,20,20,20,0,0,20,20,20,20,20,20,20,20,20,20,20,20,50,50,0,25,50,50,50,100,50,50,100,15,29,44,45
20,20,20,20,20,20,20,0,20,20,20,20,20,20,0,20,20,20,20,20,0,50,50,50,50,50,50,100,42.5,35,100,0,33,37,47
20,20,20,20,20,20,20,20,20,20,20,20,20,20,20,20,20,20,20,20,0,50,50,50,50,50,50,100,50,50,100,100,23.5,36,40.5
20,20,20,20,20,20,20,20,20,20,20,20,20,20,20,20,20,20,20,20,50,40,50,50,50,50,50,100,50,50,76.62,100,36,39,59
20,20,20,20,20,20,20,20,20,20,20,20,20,20,20,20,20,20,20,20,50,50,50,50,50,50,50,100,50,50,100,25,34.5,44,52
20,20,20,20,20,20,20,20,20,20,20,20,20,20,20,20,20,20,20,20,50,50,50,50,50,50,50,100,50,50,100,100,34.5,44,53
20,20,20,20,20,20,20,20,20,20,20,20,20,20,20,20,20,20,20,20,50,50,50,50,50,50,50,100,50,50,100,100,34,43,57
20,20,20,20,20,20,20,20,20,20,20,20,20,20,20,20,0,0,20,20,0,50,50,50,50,50,50,100,50,50,100,40,26.5,42,49
20,20,20,20,20,20,20,20,20,20,20,20,20,20,20,20,20,20,20,20,50,0,50,50,0,50,50,100,50,50,100,100,37,43,52
10,20,20,20,20,20,20,20,20,20,20,20,20,20,20,20,20,20,20,20,50,50,50,50,50,50,50,100,50,50,100,100,32,42,43
20,20,20,20,20,20,20,20,20,20,20,20,20,20,20,20,20,20,20,20,50,50,50,50,50,50,50,100,50,50,100,100,38,45,59
20,20,20,20,20,20,20,20,20,10,20,20,20,20,20,20,20,20,20,0,50,50,32,50,50,50,50,95,50,50,100,100,30.5,44,53
20,20,20,20,20,20,20,20,20,20,20,20,20,20,20,20,20,20,20,20,35,50,50,50,50,50,50,100,50,50,100,15,40,45,59
20,20,0,0,0,20,20,0,20,0,0,20,0,20,20,20,20,20,20,20,0,50,0,0,0,0,0,100,50,50,0,0,28.5,14,48
20,20,20,20,20,20,20,20,20,20,20,20,20,20,20,20,20,20,20,20,50,50,50,50,50,50,50,100,50,50,100,100,37,44,58
20,20,0,20,20,20,20,20,20,20,20,20,20,20,20,20,20,0,20,20,35,50,50,50,50,50,50,100,50,50,100,100,18.5,19,32
20,15,20,7.02,20,20,20,20,20,20,0,20,20,20,20,20,20,0,0,20,50,50,40,50,50,0,50,100,50,50,100,15,35,33,51
20,20,20,20,20,20,20,20,20,20,20,0,20,20,20,20,20,20,20,20,50,50,50,50,50,50,50,100,50,50,100,100,37,45,57
20,20,20,20,20,0,20,20,20,20,20,20,20,0,0,20,20,20,20,20,50,50,50,50,50,50,50,100,50,50,100,25,38,41,51
20,20,20,20,20,20,20,20,20,20,20,20,20,20,20,20,20,20,20,20,50,50,50,50,50,50,50,100,50,50,100,100,35,45,55
0,20,20,20,20,20,20,20,20,20,20,20,20,20,20,20,20,20,20,20,50,50,50,50,50,50,50,100,50,50,100,100,40,44,57
20,20,20,20,20,20,20,20,20,20,20,20,20,20,20,20,20,20,20,20,50,50,50,50,50,50,50,100,50,50,100,100,40,45,61
20,20,20,20,20,20,20,20,20,10.5,20,0,0,20,20,20,20,20,0,20,50,50,50,50,50,50,50,95,50,50,100,100,35,43,53
20,20,20,20,20,20,20,20,20,20,20,20,20,20,20,20,20,20,20,20,50,50,50,50,50,50,50,95,50,50,100,25,40,43,54
20,20,20,20,20,20,20,20,20,20,20,20,20,20,20,20,20,20,20,20,50,50,50,50,50,50,50,100,50,50,100,100,28,34,47
20,20,20,20,20,20,20,20,20,20,20,20,20,20,20,20,20,20,20,20,50,50,50,50,50,50,50,100,50,50,100,75,32,39,48
20,20,20,20,20,20,20,20,20,20,20,20,20,20,20,20,20,20,20,20,50,50,50,50,50,50,50,100,50,50,100,100,40,45,57
20,20,20,20,20,20,20,20,20,20,20,20,20,20,20,20,20,20,20,20,50,50,50,50,50,50,50,100,50,50,100,100,38.5,44,59
20,20,20,20,20,20,20,0,20,20,20,20,20,20,0,20,20,20,20,20,50,50,50,50,50,50,50,100,50,50,100,100,37,40,59
20,20,20,18.14,20,20,20,20,20,20,20,20,20,20,20,20,20,20,20,20,50,50,50,50,50,50,50,100,50,50,100,100,38,41,59
20,20,20,20,20,20,20,20,20,0,20,20,20,20,20,20,20,20,20,20,50,50,50,50,50,50,50,100,50,50,100,100,40,44,59
20,20,0,20,20,20,20,20,0,20,20,20,20,20,20,20,20,20,20,20,50,50,50,0,50,50,50,100,50,50,100,100,40,45,54
20,20,20,20,20,20,20,20,20,20,20,20,20,20,20,20,20,20,20,20,50,50,50,50,50,50,50,100,50,50,100,75,39,44,61
20,20,20,20,20,20,20,20,20,20,20,20,20,20,20,20,20,20,20,20,50,50,50,50,50,50,50,95,50,50,100,100,27.5,45,49
20,20,20,20,20,20,20,20,20,20,0,20,0,20,0,0,20,20,0,0,35,0,50,50,0,0,0,100,50,50,0,50,32,40,49.96
20,20,20,20,20,20,20,20,20,20,20,20,20,20,20,20,20,20,20,20,50,50,50,50,50,50,50,100,50,50,100,100,38,44,58
20,20,20,20,20,20,20,20,20,20,20,20,20,20,20,20,20,20,20,20,50,50,50,50,50,50,50,100,50,41,92.49,25,35,36,56
20,20,20,20,20,20,20,20,20,20,20,20,20,20,20,20,20,20,20,20,50,50,50,50,50,50,50,100,50,50,100,100,37,41,50
20,20,20,20,20,20,20,20,20,20,0,0,20,4,20,20,20,0,20,0,50,50,50,50,50,50,50,100,50,50,100,40,40,44,61
20,15,20,20,20,20,20,20,20,0,20,20,20,20,20,20,20,20,20,20,50,50,44,50,50,50,50,100,50,50,98.18,100,37,43,49.5
20,20,20,20,20,20,20,20,20,20,20,20,20,20,20,20,20,20,20,20,50,50,50,50,50,50,50,100,50,50,100,100,34,45,52
2.5,20,20,20,20,20,20,20,20,20,20,20,20,20,20,20,20,20,20,20,50,50,50,50,50,50,50,100,50,50,100,100,37,45,49
20,20,20,20,20,20,20,20,20,20,20,20,20,20,20,20,17,20,20,20,50,50,50,50,50,50,50,100,50,50,100,75,37,45,61
20,20,20,20,20,20,20,20,20,20,20,20,20,20,20,20,20,20,20,20,50,50,50,50,50,50,50,100,50,50,100,100,34.5,43,49
20,20,20,20,20,20,20,20,20,20,20,20,20,20,20,20,20,20,20,20,50,50,50,50,0,0,50,100,50,50,0,100,26,29,42
20,20,20,20,20,20,20,20,20,20,20,20,20,20,20,20,20,20,20,20,50,50,50,50,50,50,50,100,50,50,100,40,40,45,49
20,0,20,20,20,20,20,20,0,0,20,0,0,0,0,0,0,0,0,0,0,50,0,0,0,0,0,60,0,0,0,0,38,0,0
20,0,20,20,20,20,20,20,20,20,20,20,20,20,20,20,20,20,20,20,50,50,50,50,50,50,50,100,50,50,100,75,28,40,47
0,20,0,20,20,20,20,20,0,20,20,20,20,0,0,0,0,0,0,0,50,50,50,50,50,50,50,100,50,50,100,100,38,44,58
20,20,20,20,20,20,20,20,20,20,20,20,20,20,20,20,20,20,20,20,50,50,50,50,50,50,50,100,50,50,100,100,38,45,55
20,20,20,20,20,20,20,20,20,20,20,20,20,20,12,20,20,20,0,20,50,50,44,50,50,50,50,100,50,50,100,100,36,42,52
0,0,0,0,0,0,0,0,0,0,0,0,0,0,0,0,0,0,0,0,0,0,0,0,0,0,0,0,0,0,0,0,0,0,0
20,20,20,20,20,20,20,20,20,20,20,20,20,20,20,20,20,20,20,20,50,50,50,50,50,50,50,100,50,50,100,100,40,44,62
20,20,20,20,20,20,20,20,20,20,20,20,20,20,20,20,20,20,20,20,50,50,50,50,50,50,50,100,50,50,100,100,40,44,63
20,20,20,20,20,20,20,20,20,20,20,20,20,20,20,20,20,20,20,20,0,50,50,50,50,50,50,100,50,50,100,100,39,32,53
20,20,20,20,20,20,20,20,20,20,20,20,20,20,20,20,20,20,20,20,50,50,50,50,50,50,50,100,50,50,100,100,33,44,46
20,20,20,20,20,20,20,20,20,20,20,0,20,20,0,0,20,0,0,0,50,0,50,50,0,0,0,100,50,50,0,0,38.5,43,54
20,20,20,20,20,20,20,20,20,20,20,20,20,20,20,20,20,20,20,20,50,50,50,50,50,50,50,100,50,50,100,90,40,45,56
20,20,20,20,0,0,20,20,16,11,20,20,0,0,4,20,20,10,20,20,30,50,50,50,50,0,34,100,50,50,99.99,25,30.5,29,42.5
20,20,20,20,20,20,20,20,20,20,20,20,20,20,20,20,20,20,20,20,50,50,44,50,0,50,50,100,50,50,100,50,39,44,53
20,20,20,20,20,20,20,20,20,20,20,20,20,20,20,20,20,20,20,20,50,50,50,50,50,50,50,100,50,50,100,100,36.5,42,53.5
20,0,20,20,20,20,20,0,0,0,0,20,20,20,8,20,20,15,0,12,50,50,50,50,50,50,0,100,50,50,78.33,0,38,36,48
20,20,20,20,20,20,20,20,20,20,20,20,20,20,20,20,20,20,20,20,50,50,50,50,50,50,50,100,50,50,100,100,35,45,57
20,20,20,20,20,20,20,20,20,20,20,20,20,20,20,20,20,20,20,20,50,50,50,50,50,50,50,100,50,50,100,100,34,45,53
20,20,20,20,20,20,20,20,20,20,20,20,15,20,20,20,20,20,20,20,50,50,50,50,50,50,50,100,50,50,100,100,39,45,58
20,20,20,20,20,20,20,20,20,20,20,20,20,20,20,20,20,20,20,20,30,50,50,50,50,50,50,100,50,50,100,75,29,43,48
20,20,20,20,20,20,20,20,20,20,0,0,0,20,20,20,20,20,20,20,50,50,50,50,50,50,50,100,50,50,99.99,100,32.5,43,53
20,20,20,20,20,20,20,20,20,20,20,20,20,20,20,20,20,20,20,20,50,50,50,50,50,50,50,100,50,50,100,100,37,45,59.5
0,0,0,20,0,20,20,0,0,0,0,0,0,0,0,0,0,0,0,0,0,0,0,0,0,0,0,100,50,50,0,75,35,23,50
20,20,20,19.89,20,20,20,20,20,20,20,20,20,20,20,20,20,20,20,20,50,50,50,50,50,50,50,100,50,50,100,100,40,45,62
20,20,20,20,20,20,20,20,20,20,20,20,20,20,20,20,20,20,20,20,50,50,50,50,50,50,50,100,50,50,93.49,75,38,45,56.5
20,20,20,20,20,20,20,0,20,20,0,0,20,20,20,20,20,20,20,0,50,50,44,50,50,50,50,100,50,0,100,100,35,40,54
20,20,20,20,20,20,20,20,20,20,20,20,20,20,20,20,20,20,20,20,50,50,50,50,50,50,50,100,50,50,100,100,37,44,49
0,20,20,20,20,20,20,20,20,20,20,20,20,20,20,20,20,20,20,12,50,50,50,46,50,50,50,100,50,50,99.01,75,34,44,53
20,20,20,20,20,20,20,20,20,20,20,20,20,20,20,20,20,20,20,20,50,50,50,50,50,50,50,100,50,50,100,75,37,42,49
20,20,3,20,20,20,20,20,0,0,0,0,0,0,0,0,0,0,0,0,50,50,0,50,0,50,50,100,50,50,140,140,36,33,55
2.5,20,20,20,20,20,20,20,20,20,0,0,0,20,20,20,20,20,20,20,50,50,50,50,50,50,50,100,50,50,100,75,35,42,48
20,20,20,20,20,20,0,20,20,20,20,20,20,20,20,20,20,20,20,20,30,50,50,39,50,50,50,80,45,50,77.5,87.5,39,45,57
20,20,20,20,20,20,20,20,20,20,0,20,0,20,20,20,20,20,20,20,50,50,50,50,50,50,50,100,50,50,100,100,40,45,51
20,20,20,20,20,14,20,20,20,20,20,20,20,20,20,20,20,20,20,20,50,50,50,50,50,50,50,100,50,50,100,100,39,44,56
20,20,20,20,20,20,20,20,20,20,20,20,20,20,20,20,20,20,20,20,50,50,50,50,50,50,50,100,50,50,100,100,40,44,59
20,20,20,20,20,20,20,20,20,20,20,20,20,20,20,20,20,20,20,20,50,50,50,50,50,50,50,100,50,50,100,100,37,37,52
20,20,20,20,20,20,20,20,20,20,20,20,20,20,20,20,20,20,20,20,50,50,50,50,50,50,50,100,45,50,100,25,32.5,42,55
20,20,20,20,20,20,20,20,0,20,20,20,20,20,20,20,20,20,20,20,50,50,50,50,50,50,50,100,50,50,100,50,38,44,61
20,20,20,20,20,20,20,20,20,20,20,20,20,20,20,20,20,20,20,20,50,0,50,50,50,50,50,100,50,50,100,100,40,45,60
20,20,20,20,20,20,20,20,20,20,20,20,20,20,20,20,20,20,20,20,50,50,50,50,50,50,50,100,50,50,100,100,39,45,60
20,20,20,20,20,20,20,0,20,20,20,20,20,20,20,20,20,20,20,20,50,50,50,50,50,50,50,100,50,50,100,25,37,41,55
20,20,20,20,20,20,20,20,20,20,20,20,20,20,20,20,20,20,20,20,50,50,50,50,50,50,50,100,50,50,100,100,39,45,60
20,20,20,20,20,20,20,20,20,0,20,20,20,20,20,20,20,20,20,20,50,50,50,50,50,50,50,100,50,50,100,100,38,42,52
20,20,20,20,20,20,20,20,20,20,20,20,20,20,20,20,20,20,20,20,50,50,50,50,50,50,50,100,50,50,100,100,40,43,58
20,20,20,20,20,20,20,20,20,20,20,20,20,20,20,20,20,20,20,20,50,50,50,50,50,50,50,100,50,50,100,100,40,42,56
20,0,20,19.91,7,0,20,20,0,20,20,20,20,14,12,0,0,0,0,0,0,50,50,50,50,0,0,100,50,50,0,0,40,43,55
0,20,0,20,20,20,20,20,20,20,20,20,20,20,20,20,20,20,20,20,50,50,50,50,50,50,50,100,50,50,100,100,36,42,51
20,20,20,20,20,20,20,20,20,20,20,20,20,20,20,20,20,20,20,20,50,50,50,50,50,50,50,100,50,50,100,100,40,45,56
20,20,20,20,20,20,20,20,20,20,20,20,20,20,20,20,20,20,20,20,50,50,50,50,50,50,50,100,50,50,100,100,36.5,45,42
20,20,20,20,20,20,20,20,20,20,20,20,20,20,20,20,20,20,20,20,50,50,50,50,50,50,50,100,50,50,99.93,75,40,45,47
20,20,20,20,20,20,20,20,20,20,20,20,20,20,20,20,20,20,20,20,50,50,50,50,50,50,50,100,50,50,100,100,37.5,44,56
20,20,20,20,20,20,20,20,20,20,20,20,0,20,20,20,20,20,20,20,50,50,50,50,50,50,50,100,50,50,100,100,40,45,61
20,20,20,20,20,20,20,20,20,20,20,20,20,20,20,20,20,20,20,20,50,50,50,50,50,50,50,100,50,50,100,100,39,44,56.5
0,20,20,20,20,20,20,20,20,20,20,20,20,20,20,20,20,20,20,20,50,50,50,50,49.75,50,50,100,50,50,100,100,35,44,45
20,20,20,20,20,20,20,20,20,20,20,20,20,20,20,20,20,20,20,20,50,50,50,50,26.96,50,50,100,50,50,100,25,36,45,59
20,20,20,20,20,20,20,20,20,20,20,20,20,20,20,20,20,20,20,20,50,50,50,50,50,50,50,80,50,50,100,100,40,42,59
20,20,20,20,20,20,20,20,20,20,20,20,20,20,20,20,20,20,20,20,50,50,50,50,50,50,50,100,50,50,100,75,36,42,53
20,20,20,0,20,20,20,20,20,20,20,20,20,20,20,20,20,20,20,20,50,50,50,50,50,50,50,100,50,50,100,100,40,45,60
20,20,20,20,20,20,20,20,20,20,20,20,20,20,20,20,20,20,20,20,50,50,50,50,50,50,50,100,50,50,100,100,40,45,58
0,20,20,20,20,20,20,20,20,20,20,20,20,20,20,20,20,20,0,0,50,50,50,50,50,50,50,100,50,50,100,75,37.5,44,62
20,20,20,20,20,20,20,20,20,20,20,20,20,20,20,20,20,20,20,20,50,50,50,50,50,50,50,100,50,50,100,100,40,45,57
0,20,20,20,20,20,20,20,20,20,20,20,20,20,20,20,20,20,20,20,50,0,50,32,50,50,0,100,50,26.5,75,0,36.5,45,48
20,20,20,20,20,20,20,20,20,20,20,20,5,20,20,20,20,20,20,0,50,50,50,50,50,50,50,100,50,50,100,75,37,45,56
20,20,20,20,20,20,20,20,20,20,20,20,20,20,20,20,20,20,20,20,50,50,50,50,50,50,50,100,50,50,100,100,40,44,55
20,20,20,0,20,20,20,20,20,16,20,20,20,20,20,20,20,20,20,20,50,50,50,50,50,50,50,100,50,50,100,100,34.5,42,58
20,20,20,20,20,20,20,20,20,20,20,20,20,20,20,20,20,20,20,20,50,50,50,50,50,50,50,100,50,50,100,15,40,45,54
20,20,20,20,20,20,20,20,20,20,20,20,20,20,20,20,20,20,20,20,30,50,50,50,35.05,50,50,100,50,50,100,25,35,45,56
0,0,0,0,0,0,0,0,0,0,0,0,0,0,0,0,0,0,0,0,50,0,0,0,0,0,0,100,50,50,100,75,0,0,0
10,0,0,20,20,20,20,20,20,20,20,20,20,20,20,20,20,20,20,20,50,50,50,50,50,50,50,100,50,50,100,100,34.5,42,45
10,20,20,20,20,4,20,20,20,20,20,20,10,4,20,20,20,20,0,20,50,50,50,50,50,50,50,100,50,50,100,100,40,45,59
20,20,20,20,20,20,20,20,20,20,20,20,20,20,20,20,20,20,20,20,50,50,50,50,50,0,50,100,50,50,100,100,36,42,49.5
20,20,20,20,20,20,20,20,20,20,20,20,20,20,20,20,20,20,20,20,50,50,50,33,50,50,50,80,50,50,100,15,30.5,34,46
2.5,20,20,20,20,20,20,20,20,20,20,20,20,20,20,20,20,20,20,20,50,50,50,50,50,50,50,100,50,50,100,50,38,44,53
20,20,20,20,20,20,20,20,20,20,20,20,20,20,20,20,20,20,20,20,50,50,50,50,50,50,50,100,50,50,100,100,40,44,58
20,20,20,20,20,20,20,20,20,20,20,20,20,20,20,20,20,20,20,20,45,50,50,50,0.09,50,50,100,50,50,100,100,33,43,48
20,20,20,20,20,10,20,20,20,20,20,20,20,20,20,20,20,20,20,20,50,50,50,50,50,50,50,100,50,50,100,100,38,44,55
0,20,20,20,20,20,20,20,20,20,20,20,20,20,20,20,20,20,20,0,50,50,50,50,50,50,50,100,50,50,100,100,40,45,60
20,20,20,20,20,20,20,20,20,20,20,20,20,20,20,0,20,10,20,20,50,50,50,50,50,50,50,100,50,50,100,100,37,41,55.5
0,0,0,0,0,0,0,0,0,0,0,0,0,0,0,0,0,0,0,0,0,0,0,0,0,0,0,100,50,50,100,0,40,39,0
20,0,20,20,20,0,20,20,20,20,20,20,0,0,0,0,0,0,0,0,50,50,50,50,0,0,0,100,50,50,0,0,30,0,0
20,20,20,20,20,20,0,20,20,20,20,20,20,20,20,20,20,20,20,20,50,50,50,39,50,0,50,100,50,50,98.55,0,29,43,44
20,20,20,20,20,20,20,20,20,20,20,20,20,20,20,20,20,20,20,20,50,50,50,50,50,50,50,100,50,50,100,25,35,45,47
20,20,20,20,20,20,20,20,20,20,20,20,20,20,20,20,20,20,20,20,50,50,50,50,50,50,50,100,50,50,100,100,37,45,54
0,20,20,20,20,20,20,20,20,20,20,20,20,20,20,20,20,20,20,20,50,50,50,50,50,50,50,100,50,50,100,100,39,45,57
20,20,20,20,20,20,20,20,20,20,20,20,20,20,20,20,20,20,20,20,50,50,50,50,50,50,50,100,50,50,100,100,30,45,43
0,20,20,20,20,20,20,0,20,0,20,20,0,0,20,20,20,20,20,20,0,0,0,0,0,50,34,50,0,0,43.76,15,28.5,42,49
20,20,20,20,20,0,20,20,20,20,20,20,20,20,20,20,0,20,20,20,0,50,50,50,50,50,50,100,50,50,100,100,30.5,27,45.5
20,20,20,20,20,20,20,20,20,20,20,20,20,20,20,20,20,20,20,20,50,50,50,50,50,50,50,100,50,50,100,100,37,42,49
20,20,20,20,20,20,20,20,20,20,20,20,20,20,20,20,20,20,0,20,50,50,50,50,50,50,50,100,50,50,100,100,34,34,46.5
20,20,20,20,20,20,20,20,20,20,20,20,20,8,8,20,20,20,20,20,50,50,47,50,50,50,50,100,50,50,100,25,36.5,43,52
20,0,0,20,20,20,20,20,20,20,20,20,20,20,20,20,20,20,20,0,50,50,50,50,50,50,50,100,50,50,100,25,34,39,39.5
20,20,20,20,20,20,20,20,20,20,20,20,20,20,20,20,20,20,20,0,35,50,50,50,47.48,50,50,100,50,50,19.15,15,34.5,42,48
20,20,20,20,20,20,20,20,20,20,20,20,20,20,20,20,20,20,20,20,50,50,50,50,50,50,50,100,50,50,100,100,40,45,60
20,20,20,20,20,20,20,20,20,20,20,20,20,20,20,20,20,20,20,20,50,50,50,50,50,50,50,100,50,50,100,100,40,43,60
20,20,20,20,20,20,20,20,20,20,20,20,20,20,20,20,20,20,20,0,50,50,50,50,50,50,50,100,50,50,100,65,32.5,44,53
20,20,20,19.98,20,20,20,20,20,20,20,20,20,0,20,20,20,20,20,20,50,50,50,50,50,50,50,100,50,50,100,100,24,36,46
20,20,20,20,20,20,20,20,20,20,20,20,20,20,20,20,20,20,20,20,50,50,50,50,50,50,50,100,50,50,100,100,40,45,62
20,20,20,20,20,0,20,20,20,20,0,20,20,20,20,20,20,20,20,20,50,50,50,50,50,50,0,80,50,50,100,100,31.5,42,35
10,20,20,20,20,20,20,20,20,20,20,20,20,20,20,20,20,20,20,20,50,50,50,50,50,50,50,100,50,50,100,25,35,45,47
20,20,20,20,20,20,20,20,20,20,20,20,20,20,20,20,20,20,20,20,50,50,50,50,50,50,50,100,50,50,100,100,36,45,54
20,20,20,20,20,20,20,20,20,20,20,0,20,20,20,20,20,20,20,20,50,50,50,50,50,50,50,100,50,50,100,100,39,45,61
15,10,20,20,20,20,20,20,20,20,20,20,20,20,20,20,20,20,0,20,50,50,50,50,50,50,50,100,50,50,100,25,33,32,47.5
20,10,20,20,20,20,20,20,20,20,20,20,20,20,20,20,20,20,20,20,50,50,50,46,50,50,50,100,50,50,100,100,38,42,58
20,20,20,20,20,20,0,20,20,20,20,20,20,20,20,20,20,20,20,20,50,50,50,50,50,50,50,100,50,50,100,100,34.5,43,57
